year,hours_with_data,share_hours_signalling,trades,remitted_usd,profit_usd,mean_realized,profit_without_cap_usd,hindsight_best_usd,path,fx_filter
2017,2322,0.6374,10,100022.8014,734.3708,0.0075,31028.7282,33142.7702,btc_unhedged,all hours
2018,8653,0.4365,8,100138.3757,27612.0125,0.3794,53278.1705,40941.3627,btc_unhedged,all hours
2019,8712,0.1185,10,100009.0835,823.8616,0.0083,4301.0641,8897.4346,btc_unhedged,all hours
2020,8711,0.0259,10,99837.9936,2908.9744,0.0288,3621.5118,21014.6098,btc_unhedged,all hours
2021,8717,0.6977,10,100076.0769,2163.1494,0.0219,51045.5184,19432.1983,btc_unhedged,all hours
2022,8746,0.3233,10,100020.4410,987.1995,0.0100,10260.5112,10895.8696,btc_unhedged,all hours
2023,8732,0.3268,10,99924.2340,837.2866,0.0083,11019.6135,6134.0708,btc_unhedged,all hours
2024,8767,0.5210,10,100021.6074,1745.9119,0.0177,26427.1193,11809.6455,btc_unhedged,all hours
2025,8738,0.3319,10,100024.8388,1757.1994,0.0183,15344.8384,9698.5057,btc_unhedged,all hours
2026,6511,0.0393,10,100177.6651,1053.1225,0.0108,1098.9162,3797.1571,btc_unhedged,all hours
2019,2695,0.0004,1,10008.5890,8.5890,0.0009,8.5890,1124.0272,btc_hedged,all hours
2020,8704,0.0234,10,100056.9480,2322.9555,0.0235,2542.2730,12114.3908,btc_hedged,all hours
2021,8711,0.6843,10,99975.7501,1365.7031,0.0137,50645.3708,17552.6437,btc_hedged,all hours
2022,8746,0.2887,10,99972.6514,832.8416,0.0084,9909.3296,7686.9730,btc_hedged,all hours
2023,8731,0.3034,10,99992.5268,809.2118,0.0082,9559.8723,5125.3010,btc_hedged,all hours
2024,8767,0.5009,10,99993.9187,1563.8431,0.0158,26502.2033,10544.5155,btc_hedged,all hours
2025,8738,0.3089,10,100006.0942,1883.5110,0.0195,14118.2506,9156.0956,btc_hedged,all hours
2026,6511,0.0338,9,90546.9035,546.9035,0.0061,546.9035,2079.5513,btc_hedged,all hours
2024,4967,0.2996,10,100000.0000,1049.2247,0.0106,4965.9156,4965.1237,usdt,all hours
2025,8738,0.3489,10,100005.6796,1775.1032,0.0185,15552.5185,9388.6703,usdt,all hours
2026,6510,0.0425,10,99955.3214,667.4054,0.0067,726.0273,2192.7651,usdt,all hours
2017,1571,0.6384,10,99901.4213,1613.5648,0.0162,21984.7048,28041.9014,btc_unhedged,fresh FX only (fixing <= 24h old)
2018,5876,0.4551,8,100006.7463,24557.4969,0.3164,39574.7040,37648.9873,btc_unhedged,fresh FX only (fixing <= 24h old)
2019,5932,0.1165,10,100005.8256,823.3127,0.0083,3810.5978,8897.4346,btc_unhedged,fresh FX only (fixing <= 24h old)
2020,5982,0.0219,8,81589.4986,1589.4986,0.0199,1589.4986,21014.6098,btc_unhedged,fresh FX only (fixing <= 24h old)
2021,5965,0.6992,10,99965.8397,2119.6693,0.0215,41871.2221,17974.6516,btc_unhedged,fresh FX only (fixing <= 24h old)
2022,5992,0.2857,10,100105.8408,892.6509,0.0091,7693.1845,10895.8696,btc_unhedged,fresh FX only (fixing <= 24h old)
2023,5964,0.3119,10,100014.3103,851.2513,0.0087,9464.0933,6134.0708,btc_unhedged,fresh FX only (fixing <= 24h old)
2024,6003,0.5174,10,99986.7939,1475.6433,0.0149,22577.9320,11052.7741,btc_unhedged,fresh FX only (fixing <= 24h old)
2025,5984,0.3207,10,99998.2136,2768.8515,0.0295,12453.8834,8127.0043,btc_unhedged,fresh FX only (fixing <= 24h old)
2026,4457,0.0323,9,90733.4322,733.4322,0.0081,733.4322,3797.1571,btc_unhedged,fresh FX only (fixing <= 24h old)
2019,1833,0.0005,1,10008.5890,8.5890,0.0009,8.5890,1124.0272,btc_hedged,fresh FX only (fixing <= 24h old)
2020,5979,0.0196,7,71498.7577,1498.7577,0.0214,1498.7577,12114.3908,btc_hedged,fresh FX only (fixing <= 24h old)
2021,5960,0.6846,10,99985.1976,1462.0293,0.0149,41010.2900,17552.6437,btc_hedged,fresh FX only (fixing <= 24h old)
2022,5992,0.2535,10,99973.3819,736.6335,0.0074,7398.4334,7686.9730,btc_hedged,fresh FX only (fixing <= 24h old)
2023,5963,0.2856,10,99969.7736,684.3221,0.0069,7760.2654,5125.3010,btc_hedged,fresh FX only (fixing <= 24h old)
2024,6003,0.4964,10,99996.0895,1428.0408,0.0145,21535.7917,9520.5168,btc_hedged,fresh FX only (fixing <= 24h old)
2025,5984,0.2983,10,99948.8408,2613.9796,0.0276,11070.3319,7200.5112,btc_hedged,fresh FX only (fixing <= 24h old)
2026,4457,0.0267,8,80557.3798,557.3798,0.0070,557.3798,1824.4407,btc_hedged,fresh FX only (fixing <= 24h old)
2024,3369,0.2891,10,100006.5077,930.9614,0.0095,3999.0889,4714.3510,usdt,fresh FX only (fixing <= 24h old)
2025,5984,0.3389,10,99946.5694,2772.9387,0.0294,12481.9132,7396.1950,usdt,fresh FX only (fixing <= 24h old)
2026,4457,0.0363,8,80688.8987,688.8987,0.0086,688.8987,1995.8408,usdt,fresh FX only (fixing <= 24h old)
