ts_utc,year,amount_usd,remitted_usd,expected,realized,profit_usd,path,fx_filter
2017-10-03 06:00:00+00:00,2017,10000.000000,10090.592083,0.009865,0.009059,90.592083,btc_unhedged,all hours
2017-10-05 06:00:00+00:00,2017,10000.000000,10117.883749,0.009073,0.011788,117.883749,btc_unhedged,all hours
2017-10-09 20:00:00+00:00,2017,10000.000000,10174.369100,0.025925,0.017437,174.369100,btc_unhedged,all hours
2017-10-11 22:00:00+00:00,2017,10000.000000,10033.690639,0.005728,0.003369,33.690639,btc_unhedged,all hours
2017-10-15 09:00:00+00:00,2017,10000.000000,10090.573631,0.013491,0.009057,90.573631,btc_unhedged,all hours
2017-10-18 00:00:00+00:00,2017,10000.000000,9920.647917,0.005983,-0.007935,-79.352083,btc_unhedged,all hours
2017-10-20 02:00:00+00:00,2017,10000.000000,9998.043463,0.006452,-0.000196,-1.956537,btc_unhedged,all hours
2017-10-22 03:00:00+00:00,2017,10000.000000,10080.698648,0.006887,0.008070,80.698648,btc_unhedged,all hours
2017-10-24 04:00:00+00:00,2017,10000.000000,10081.750808,0.014087,0.008175,81.750808,btc_unhedged,all hours
2017-10-26 04:00:00+00:00,2017,9288.430616,9434.551352,0.013277,0.015731,146.120736,btc_unhedged,all hours
2018-01-01 00:00:00+00:00,2018,10000.000000,12797.798561,0.298011,0.279780,2797.798561,btc_unhedged,all hours
2018-01-03 00:00:00+00:00,2018,10000.000000,12810.643153,0.284689,0.281064,2810.643153,btc_unhedged,all hours
2018-01-05 00:00:00+00:00,2018,10000.000000,14124.390367,0.443422,0.412439,4124.390367,btc_unhedged,all hours
2018-01-07 00:00:00+00:00,2018,10000.000000,14327.558794,0.467120,0.432756,4327.558794,btc_unhedged,all hours
2018-01-09 00:00:00+00:00,2018,10000.000000,15651.213845,0.565868,0.565121,5651.213845,btc_unhedged,all hours
2018-01-11 00:00:00+00:00,2018,10000.000000,13031.469117,0.320416,0.303147,3031.469117,btc_unhedged,all hours
2018-01-13 00:00:00+00:00,2018,10000.000000,13943.547704,0.401536,0.394355,3943.547704,btc_unhedged,all hours
2018-01-15 00:00:00+00:00,2018,2526.363192,3451.754130,0.311521,0.366294,925.390938,btc_unhedged,all hours
2019-01-01 04:00:00+00:00,2019,10000.000000,10040.745976,0.005999,0.004075,40.745976,btc_unhedged,all hours
2019-01-04 17:00:00+00:00,2019,10000.000000,10053.717248,0.005135,0.005372,53.717248,btc_unhedged,all hours
2019-01-10 17:00:00+00:00,2019,10000.000000,10040.343105,0.009720,0.004034,40.343105,btc_unhedged,all hours
2019-01-12 19:00:00+00:00,2019,10000.000000,10045.602722,0.005053,0.004560,45.602722,btc_unhedged,all hours
2019-04-08 04:00:00+00:00,2019,10000.000000,10156.548228,0.009801,0.015655,156.548228,btc_unhedged,all hours
2019-04-10 04:00:00+00:00,2019,10000.000000,10072.388589,0.007071,0.007239,72.388589,btc_unhedged,all hours
2019-04-12 07:00:00+00:00,2019,10000.000000,10052.165233,0.006607,0.005217,52.165233,btc_unhedged,all hours
2019-04-14 07:00:00+00:00,2019,10000.000000,10163.480314,0.011126,0.016348,163.480314,btc_unhedged,all hours
2019-04-16 07:00:00+00:00,2019,10000.000000,10140.272717,0.012993,0.014027,140.272717,btc_unhedged,all hours
2019-04-20 12:00:00+00:00,2019,9185.221941,9243.819365,0.005391,0.006380,58.597424,btc_unhedged,all hours
2020-03-08 16:00:00+00:00,2020,10000.000000,9965.666377,0.009006,-0.003433,-34.333623,btc_unhedged,all hours
2020-03-12 11:00:00+00:00,2020,10000.000000,10619.123808,0.120270,0.061912,619.123808,btc_unhedged,all hours
2020-03-14 11:00:00+00:00,2020,10000.000000,10507.040096,0.040856,0.050704,507.040096,btc_unhedged,all hours
2020-03-16 11:00:00+00:00,2020,10000.000000,11185.788618,0.096032,0.118579,1185.788618,btc_unhedged,all hours
2020-03-18 13:00:00+00:00,2020,10000.000000,10408.778180,0.005510,0.040878,408.778180,btc_unhedged,all hours
2020-03-23 02:00:00+00:00,2020,10000.000000,10072.095681,0.006267,0.007210,72.095681,btc_unhedged,all hours
2020-03-28 00:00:00+00:00,2020,10000.000000,9985.900516,0.008222,-0.001410,-14.099484,btc_unhedged,all hours
2020-03-30 01:00:00+00:00,2020,10000.000000,10150.604376,0.005651,0.015060,150.604376,btc_unhedged,all hours
2020-04-13 02:00:00+00:00,2020,10000.000000,10080.995988,0.006515,0.008100,80.995988,btc_unhedged,all hours
2020-09-05 19:00:00+00:00,2020,6929.019167,6861.999957,0.013709,-0.009672,-67.019210,btc_unhedged,all hours
2021-01-01 09:00:00+00:00,2021,10000.000000,10095.766250,0.005936,0.009577,95.766250,btc_unhedged,all hours
2021-01-03 09:00:00+00:00,2021,10000.000000,10154.913677,0.022033,0.015491,154.913677,btc_unhedged,all hours
2021-01-05 09:00:00+00:00,2021,10000.000000,10516.761623,0.039311,0.051676,516.761623,btc_unhedged,all hours
2021-01-07 09:00:00+00:00,2021,10000.000000,10210.832512,0.016802,0.021083,210.832512,btc_unhedged,all hours
2021-01-09 09:00:00+00:00,2021,10000.000000,10541.487754,0.054420,0.054149,541.487754,btc_unhedged,all hours
2021-01-11 09:00:00+00:00,2021,10000.000000,10240.481528,0.017313,0.024048,240.481528,btc_unhedged,all hours
2021-01-17 10:00:00+00:00,2021,10000.000000,10201.173741,0.005989,0.020117,201.173741,btc_unhedged,all hours
2021-01-21 09:00:00+00:00,2021,10000.000000,9910.350935,0.006497,-0.008965,-89.649065,btc_unhedged,all hours
2021-01-26 13:00:00+00:00,2021,10000.000000,10175.556865,0.008548,0.017556,175.556865,btc_unhedged,all hours
2021-02-19 16:00:00+00:00,2021,7912.927525,8028.751992,0.005023,0.014637,115.824467,btc_unhedged,all hours
2022-01-01 00:00:00+00:00,2022,10000.000000,10228.727788,0.018032,0.022873,228.727788,btc_unhedged,all hours
2022-01-03 00:00:00+00:00,2022,10000.000000,10022.758125,0.008062,0.002276,22.758125,btc_unhedged,all hours
2022-01-05 00:00:00+00:00,2022,10000.000000,10177.712536,0.008394,0.017771,177.712536,btc_unhedged,all hours
2022-01-07 00:00:00+00:00,2022,10000.000000,10040.360883,0.009939,0.004036,40.360883,btc_unhedged,all hours
2022-01-09 00:00:00+00:00,2022,10000.000000,10270.951254,0.026088,0.027095,270.951254,btc_unhedged,all hours
2022-01-11 00:00:00+00:00,2022,10000.000000,9984.584548,0.006323,-0.001542,-15.415452,btc_unhedged,all hours
2022-01-13 00:00:00+00:00,2022,10000.000000,10026.408611,0.007894,0.002641,26.408611,btc_unhedged,all hours
2022-01-15 00:00:00+00:00,2022,10000.000000,10080.263762,0.006382,0.008026,80.263762,btc_unhedged,all hours
2022-01-17 01:00:00+00:00,2022,10000.000000,10063.399366,0.006282,0.006340,63.399366,btc_unhedged,all hours
2022-01-21 00:00:00+00:00,2022,9033.241485,9125.274122,0.007925,0.010188,92.032637,btc_unhedged,all hours
2023-01-26 17:00:00+00:00,2023,10000.000000,10052.005759,0.005410,0.005201,52.005759,btc_unhedged,all hours
2023-01-28 17:00:00+00:00,2023,10000.000000,10086.733259,0.008080,0.008673,86.733259,btc_unhedged,all hours
2023-01-30 18:00:00+00:00,2023,10000.000000,10057.923595,0.005304,0.005792,57.923595,btc_unhedged,all hours
2023-02-02 17:00:00+00:00,2023,10000.000000,10152.998927,0.011044,0.015300,152.998927,btc_unhedged,all hours
2023-02-04 17:00:00+00:00,2023,10000.000000,10077.057246,0.008290,0.007706,77.057246,btc_unhedged,all hours
2023-02-07 00:00:00+00:00,2023,10000.000000,10132.150710,0.009367,0.013215,132.150710,btc_unhedged,all hours
2023-02-09 20:00:00+00:00,2023,10000.000000,10099.198417,0.012627,0.009920,99.198417,btc_unhedged,all hours
2023-02-11 20:00:00+00:00,2023,10000.000000,10138.742091,0.013549,0.013874,138.742091,btc_unhedged,all hours
2023-02-14 18:00:00+00:00,2023,10000.000000,10070.608290,0.005648,0.007061,70.608290,btc_unhedged,all hours
2023-02-24 16:00:00+00:00,2023,9086.947416,9056.815714,0.005022,-0.003316,-30.131702,btc_unhedged,all hours
2024-01-01 00:00:00+00:00,2024,10000.000000,10327.596159,0.029283,0.032760,327.596159,btc_unhedged,all hours
2024-01-03 00:00:00+00:00,2024,10000.000000,10150.747486,0.014348,0.015075,150.747486,btc_unhedged,all hours
2024-01-05 00:00:00+00:00,2024,10000.000000,10124.552022,0.012438,0.012455,124.552022,btc_unhedged,all hours
2024-01-07 00:00:00+00:00,2024,10000.000000,10130.849114,0.010077,0.013085,130.849114,btc_unhedged,all hours
2024-01-09 09:00:00+00:00,2024,10000.000000,10036.390909,0.005463,0.003639,36.390909,btc_unhedged,all hours
2024-01-11 09:00:00+00:00,2024,10000.000000,10156.204106,0.017173,0.015620,156.204106,btc_unhedged,all hours
2024-01-13 09:00:00+00:00,2024,10000.000000,10239.576506,0.033669,0.023958,239.576506,btc_unhedged,all hours
2024-01-15 09:00:00+00:00,2024,10000.000000,10298.754064,0.028729,0.029875,298.754064,btc_unhedged,all hours
2024-01-17 09:00:00+00:00,2024,10000.000000,10149.391789,0.015339,0.014939,149.391789,btc_unhedged,all hours
2024-01-19 09:00:00+00:00,2024,8275.695545,8407.545275,0.013321,0.015932,131.849730,btc_unhedged,all hours
2025-01-07 17:00:00+00:00,2025,10000.000000,10037.681543,0.006512,0.003768,37.681543,btc_unhedged,all hours
2025-01-09 17:00:00+00:00,2025,10000.000000,10032.860817,0.014203,0.003286,32.860817,btc_unhedged,all hours
2025-01-12 23:00:00+00:00,2025,10000.000000,10106.512070,0.007053,0.010651,106.512070,btc_unhedged,all hours
2025-01-15 03:00:00+00:00,2025,10000.000000,10082.800368,0.005370,0.008280,82.800368,btc_unhedged,all hours
2025-01-18 08:00:00+00:00,2025,10000.000000,10111.566348,0.006815,0.011157,111.566348,btc_unhedged,all hours
2025-01-20 08:00:00+00:00,2025,10000.000000,10215.278760,0.011307,0.021528,215.278760,btc_unhedged,all hours
2025-01-22 08:00:00+00:00,2025,10000.000000,10225.422971,0.021887,0.022542,225.422971,btc_unhedged,all hours
2025-01-24 08:00:00+00:00,2025,10000.000000,10261.417377,0.022074,0.026142,261.417377,btc_unhedged,all hours
2025-01-26 08:00:00+00:00,2025,10000.000000,10326.204967,0.032074,0.032620,326.204967,btc_unhedged,all hours
2025-01-28 08:00:00+00:00,2025,8267.639379,8625.093603,0.040231,0.043235,357.454223,btc_unhedged,all hours
2026-01-29 16:00:00+00:00,2026,10000.000000,10114.324832,0.006087,0.011432,114.324832,btc_unhedged,all hours
2026-01-31 16:00:00+00:00,2026,10000.000000,10045.015927,0.012868,0.004502,45.015927,btc_unhedged,all hours
2026-02-02 16:00:00+00:00,2026,10000.000000,10018.158160,0.009767,0.001816,18.158160,btc_unhedged,all hours
2026-02-11 17:00:00+00:00,2026,10000.000000,10130.595807,0.008249,0.013060,130.595807,btc_unhedged,all hours
2026-02-14 09:00:00+00:00,2026,10000.000000,10051.085668,0.005747,0.005109,51.085668,btc_unhedged,all hours
2026-02-16 09:00:00+00:00,2026,10000.000000,10166.394339,0.010642,0.016639,166.394339,btc_unhedged,all hours
2026-02-18 09:00:00+00:00,2026,10000.000000,10063.841005,0.005219,0.006384,63.841005,btc_unhedged,all hours
2026-02-23 02:00:00+00:00,2026,10000.000000,10111.873165,0.007877,0.011187,111.873165,btc_unhedged,all hours
2026-02-28 07:00:00+00:00,2026,10000.000000,10119.952326,0.005533,0.011995,119.952326,btc_unhedged,all hours
2026-03-02 14:00:00+00:00,2026,9124.542610,9356.423848,0.005942,0.025413,231.881238,btc_unhedged,all hours
2019-09-24 19:00:00+00:00,2019,10000.000000,10008.589034,0.009239,0.000859,8.589034,btc_hedged,all hours
2020-03-08 16:00:00+00:00,2020,10000.000000,10099.304542,0.008007,0.009930,99.304542,btc_hedged,all hours
2020-03-12 11:00:00+00:00,2020,10000.000000,10522.542312,0.119271,0.052254,522.542312,btc_hedged,all hours
2020-03-14 11:00:00+00:00,2020,10000.000000,10379.468034,0.039857,0.037947,379.468034,btc_hedged,all hours
2020-03-16 11:00:00+00:00,2020,10000.000000,10918.364536,0.095033,0.091836,918.364536,btc_hedged,all hours
2020-03-23 02:00:00+00:00,2020,10000.000000,10017.760879,0.005268,0.001776,17.760879,btc_hedged,all hours
2020-03-28 00:00:00+00:00,2020,10000.000000,10058.537941,0.007223,0.005854,58.537941,btc_hedged,all hours
2020-03-30 02:00:00+00:00,2020,10000.000000,10057.408813,0.007509,0.005741,57.408813,btc_hedged,all hours
2020-04-13 02:00:00+00:00,2020,10000.000000,10026.543030,0.005516,0.002654,26.543030,btc_hedged,all hours
2020-09-05 18:00:00+00:00,2020,10000.000000,10144.554263,0.005392,0.014455,144.554263,btc_hedged,all hours
2020-11-26 17:00:00+00:00,2020,7733.992533,7832.463650,0.005369,0.012732,98.471117,btc_hedged,all hours
2021-01-02 21:00:00+00:00,2021,10000.000000,10036.941377,0.009250,0.003694,36.941377,btc_hedged,all hours
2021-01-04 21:00:00+00:00,2021,10000.000000,10411.477082,0.037044,0.041148,411.477082,btc_hedged,all hours
2021-01-07 01:00:00+00:00,2021,10000.000000,10127.263103,0.005999,0.012726,127.263103,btc_hedged,all hours
2021-01-09 01:00:00+00:00,2021,10000.000000,10514.313948,0.046687,0.051431,514.313948,btc_hedged,all hours
2021-01-11 02:00:00+00:00,2021,10000.000000,10006.219597,0.015596,0.000622,6.219597,btc_hedged,all hours
2021-01-13 02:00:00+00:00,2021,10000.000000,10125.076023,0.014848,0.012508,125.076023,btc_hedged,all hours
2021-01-21 09:00:00+00:00,2021,10000.000000,10008.814705,0.005498,0.000881,8.814705,btc_hedged,all hours
2021-01-26 13:00:00+00:00,2021,10000.000000,10030.787307,0.007549,0.003079,30.787307,btc_hedged,all hours
2021-02-19 16:00:00+00:00,2021,10000.000000,10052.901907,0.005055,0.005290,52.901907,btc_hedged,all hours
2021-02-21 16:00:00+00:00,2021,8610.047028,8661.955038,0.008845,0.006029,51.908010,btc_hedged,all hours
2022-01-01 00:00:00+00:00,2022,10000.000000,10123.755239,0.017033,0.012376,123.755239,btc_hedged,all hours
2022-01-03 00:00:00+00:00,2022,10000.000000,10062.673157,0.007063,0.006267,62.673157,btc_hedged,all hours
2022-01-05 00:00:00+00:00,2022,10000.000000,10071.863768,0.007395,0.007186,71.863768,btc_hedged,all hours
2022-01-07 00:00:00+00:00,2022,10000.000000,10098.615314,0.008940,0.009862,98.615314,btc_hedged,all hours
2022-01-09 00:00:00+00:00,2022,10000.000000,10238.539520,0.025089,0.023854,238.539520,btc_hedged,all hours
2022-01-11 00:00:00+00:00,2022,10000.000000,10029.272184,0.005324,0.002927,29.272184,btc_hedged,all hours
2022-01-13 00:00:00+00:00,2022,10000.000000,10058.003467,0.006895,0.005800,58.003467,btc_hedged,all hours
2022-01-15 00:00:00+00:00,2022,10000.000000,10060.977433,0.005383,0.006098,60.977433,btc_hedged,all hours
2022-01-17 01:00:00+00:00,2022,10000.000000,10052.726582,0.005283,0.005273,52.726582,btc_hedged,all hours
2022-01-21 00:00:00+00:00,2022,9139.809746,9176.224730,0.006976,0.003984,36.414983,btc_hedged,all hours
2023-01-26 18:00:00+00:00,2023,10000.000000,10031.867095,0.005129,0.003187,31.867095,btc_hedged,all hours
2023-01-28 18:00:00+00:00,2023,10000.000000,10087.441264,0.007638,0.008744,87.441264,btc_hedged,all hours
2023-01-30 20:00:00+00:00,2023,10000.000000,10061.797614,0.007806,0.006180,61.797614,btc_hedged,all hours
2023-02-02 17:00:00+00:00,2023,10000.000000,10099.744134,0.010045,0.009974,99.744134,btc_hedged,all hours
2023-02-04 17:00:00+00:00,2023,10000.000000,10053.488848,0.007291,0.005349,53.488848,btc_hedged,all hours
2023-02-07 00:00:00+00:00,2023,10000.000000,10107.841699,0.008368,0.010784,107.841699,btc_hedged,all hours
2023-02-09 20:00:00+00:00,2023,10000.000000,10106.673690,0.011628,0.010667,106.673690,btc_hedged,all hours
2023-02-11 20:00:00+00:00,2023,10000.000000,10124.714898,0.012550,0.012471,124.714898,btc_hedged,all hours
2023-02-14 23:00:00+00:00,2023,10000.000000,10058.381478,0.005238,0.005838,58.381478,btc_hedged,all hours
2023-02-25 21:00:00+00:00,2023,9183.314976,9260.576095,0.009227,0.008413,77.261120,btc_hedged,all hours
2024-01-01 00:00:00+00:00,2024,10000.000000,10272.303921,0.028284,0.027230,272.303921,btc_hedged,all hours
2024-01-03 00:00:00+00:00,2024,10000.000000,10098.795634,0.013349,0.009880,98.795634,btc_hedged,all hours
2024-01-05 00:00:00+00:00,2024,10000.000000,10100.979129,0.011439,0.010098,100.979129,btc_hedged,all hours
2024-01-07 00:00:00+00:00,2024,10000.000000,10086.581132,0.009078,0.008658,86.581132,btc_hedged,all hours
2024-01-09 11:00:00+00:00,2024,10000.000000,10059.763080,0.005128,0.005976,59.763080,btc_hedged,all hours
2024-01-11 11:00:00+00:00,2024,10000.000000,10125.931562,0.013474,0.012593,125.931562,btc_hedged,all hours
2024-01-13 11:00:00+00:00,2024,10000.000000,10309.220322,0.031890,0.030922,309.220322,btc_hedged,all hours
2024-01-15 11:00:00+00:00,2024,10000.000000,10262.583470,0.025626,0.026258,262.583470,btc_hedged,all hours
2024-01-17 11:00:00+00:00,2024,10000.000000,10152.963131,0.013707,0.015296,152.963131,btc_hedged,all hours
2024-01-19 11:00:00+00:00,2024,8430.075605,8524.797313,0.011958,0.011236,94.721708,btc_hedged,all hours
2025-01-07 17:00:00+00:00,2025,10000.000000,10074.353257,0.005513,0.007435,74.353257,btc_hedged,all hours
2025-01-09 17:00:00+00:00,2025,10000.000000,10188.074488,0.013204,0.018807,188.074488,btc_hedged,all hours
2025-01-12 23:00:00+00:00,2025,10000.000000,10035.123855,0.006054,0.003512,35.123855,btc_hedged,all hours
2025-01-18 08:00:00+00:00,2025,10000.000000,10057.808891,0.005816,0.005781,57.808891,btc_hedged,all hours
2025-01-20 08:00:00+00:00,2025,10000.000000,10093.381325,0.010308,0.009338,93.381325,btc_hedged,all hours
2025-01-22 08:00:00+00:00,2025,10000.000000,10197.812218,0.020888,0.019781,197.812218,btc_hedged,all hours
2025-01-24 08:00:00+00:00,2025,10000.000000,10208.233982,0.021075,0.020823,208.233982,btc_hedged,all hours
2025-01-26 08:00:00+00:00,2025,10000.000000,10313.164066,0.031075,0.031316,313.164066,btc_hedged,all hours
2025-01-28 08:00:00+00:00,2025,10000.000000,10424.796625,0.040073,0.042480,424.796625,btc_hedged,all hours
2025-01-30 08:00:00+00:00,2025,8122.583257,8413.345523,0.035046,0.035797,290.762267,btc_hedged,all hours
2026-01-29 16:00:00+00:00,2026,10000.000000,10064.796866,0.005088,0.006480,64.796866,btc_hedged,all hours
2026-01-31 16:00:00+00:00,2026,10000.000000,10150.230872,0.011869,0.015023,150.230872,btc_hedged,all hours
2026-02-02 16:00:00+00:00,2026,10000.000000,10035.459483,0.008768,0.003546,35.459483,btc_hedged,all hours
2026-02-11 17:00:00+00:00,2026,10000.000000,10048.083582,0.007250,0.004808,48.083582,btc_hedged,all hours
2026-02-14 12:00:00+00:00,2026,10000.000000,10039.838857,0.006288,0.003984,39.838857,btc_hedged,all hours
2026-02-16 12:00:00+00:00,2026,10000.000000,10096.562552,0.010389,0.009656,96.562552,btc_hedged,all hours
2026-02-18 12:00:00+00:00,2026,10000.000000,10082.656497,0.007930,0.008266,82.656497,btc_hedged,all hours
2026-02-23 02:00:00+00:00,2026,10000.000000,10046.669004,0.006878,0.004667,46.669004,btc_hedged,all hours
2026-03-02 14:00:00+00:00,2026,10000.000000,9982.605790,0.005320,-0.001739,-17.394210,btc_hedged,all hours
2024-06-07 18:00:00+00:00,2024,10000.000000,10172.426696,0.013622,0.017243,172.426696,usdt,all hours
2024-06-09 18:00:00+00:00,2024,10000.000000,10157.943821,0.016519,0.015794,157.943821,usdt,all hours
2024-06-11 18:00:00+00:00,2024,10000.000000,10131.949372,0.014633,0.013195,131.949372,usdt,all hours
2024-06-13 18:00:00+00:00,2024,10000.000000,10143.373699,0.012180,0.014337,143.373699,usdt,all hours
2024-06-15 18:00:00+00:00,2024,10000.000000,10136.681841,0.012233,0.013668,136.681841,usdt,all hours
2024-06-17 22:00:00+00:00,2024,10000.000000,10053.657891,0.005366,0.005366,53.657891,usdt,all hours
2024-06-19 22:00:00+00:00,2024,10000.000000,10079.542393,0.007238,0.007954,79.542393,usdt,all hours
2024-06-24 20:00:00+00:00,2024,10000.000000,10040.532941,0.005478,0.004053,40.532941,usdt,all hours
2024-06-28 16:00:00+00:00,2024,10000.000000,10082.615829,0.006824,0.008262,82.615829,usdt,all hours
2024-06-30 16:00:00+00:00,2024,8950.775251,9001.275518,0.005642,0.005642,50.500267,usdt,all hours
2025-01-07 17:00:00+00:00,2025,10000.000000,10085.317652,0.007169,0.008532,85.317652,usdt,all hours
2025-01-09 17:00:00+00:00,2025,10000.000000,10207.590417,0.014656,0.020759,207.590417,usdt,all hours
2025-01-12 09:00:00+00:00,2025,10000.000000,10062.322404,0.005561,0.006232,62.322404,usdt,all hours
2025-01-14 17:00:00+00:00,2025,10000.000000,10042.989092,0.007011,0.004299,42.989092,usdt,all hours
2025-01-18 06:00:00+00:00,2025,10000.000000,10053.218514,0.005322,0.005322,53.218514,usdt,all hours
2025-01-20 06:00:00+00:00,2025,10000.000000,10168.663141,0.025694,0.016866,168.663141,usdt,all hours
2025-01-22 06:00:00+00:00,2025,10000.000000,10219.925670,0.020614,0.021993,219.925670,usdt,all hours
2025-01-24 06:00:00+00:00,2025,10000.000000,10254.671883,0.024087,0.025467,254.671883,usdt,all hours
2025-01-26 06:00:00+00:00,2025,10000.000000,10333.085096,0.033309,0.033309,333.085096,usdt,all hours
2025-01-28 06:00:00+00:00,2025,8230.576317,8577.895692,0.041509,0.042199,347.319376,usdt,all hours
2026-01-29 16:00:00+00:00,2026,10000.000000,10064.681478,0.006284,0.006468,64.681478,usdt,all hours
2026-01-31 16:00:00+00:00,2026,10000.000000,10168.151044,0.014075,0.016815,168.151044,usdt,all hours
2026-02-02 16:00:00+00:00,2026,10000.000000,10047.150922,0.011335,0.004715,47.150922,usdt,all hours
2026-02-04 16:00:00+00:00,2026,10000.000000,9990.540293,0.006365,-0.000946,-9.459707,usdt,all hours
2026-02-11 17:00:00+00:00,2026,10000.000000,10061.973757,0.008933,0.006197,61.973757,usdt,all hours
2026-02-14 09:00:00+00:00,2026,10000.000000,10069.820613,0.005611,0.006982,69.820613,usdt,all hours
2026-02-16 09:00:00+00:00,2026,10000.000000,10131.537292,0.011782,0.013154,131.537292,usdt,all hours
2026-02-18 09:00:00+00:00,2026,10000.000000,10079.664426,0.007281,0.007966,79.664426,usdt,all hours
2026-02-23 02:00:00+00:00,2026,10000.000000,10048.360272,0.006205,0.004836,48.360272,usdt,all hours
2026-03-02 14:00:00+00:00,2026,9287.915984,9293.441319,0.005405,0.000595,5.525335,usdt,all hours
2017-10-03 06:00:00+00:00,2017,10000.000000,10090.592083,0.009865,0.009059,90.592083,btc_unhedged,fresh FX only (fixing <= 24h old)
2017-10-05 06:00:00+00:00,2017,10000.000000,10117.883749,0.009073,0.011788,117.883749,btc_unhedged,fresh FX only (fixing <= 24h old)
2017-10-11 02:00:00+00:00,2017,10000.000000,10077.508584,0.005193,0.007751,77.508584,btc_unhedged,fresh FX only (fixing <= 24h old)
2017-10-13 02:00:00+00:00,2017,10000.000000,10449.159923,0.013824,0.044916,449.159923,btc_unhedged,fresh FX only (fixing <= 24h old)
2017-10-18 00:00:00+00:00,2017,10000.000000,9920.647917,0.005983,-0.007935,-79.352083,btc_unhedged,fresh FX only (fixing <= 24h old)
2017-10-20 02:00:00+00:00,2017,10000.000000,9998.043463,0.006452,-0.000196,-1.956537,btc_unhedged,fresh FX only (fixing <= 24h old)
2017-10-23 16:00:00+00:00,2017,10000.000000,10416.706237,0.041215,0.041671,416.706237,btc_unhedged,fresh FX only (fixing <= 24h old)
2017-10-25 16:00:00+00:00,2017,10000.000000,10339.818464,0.030604,0.033982,339.818464,btc_unhedged,fresh FX only (fixing <= 24h old)
2017-10-27 16:00:00+00:00,2017,10000.000000,10195.006804,0.020414,0.019501,195.006804,btc_unhedged,fresh FX only (fixing <= 24h old)
2017-10-31 03:00:00+00:00,2017,8287.856564,8296.054113,0.012883,0.000989,8.197548,btc_unhedged,fresh FX only (fixing <= 24h old)
2018-01-02 17:00:00+00:00,2018,10000.000000,13080.560237,0.314442,0.308056,3080.560237,btc_unhedged,fresh FX only (fixing <= 24h old)
2018-01-04 17:00:00+00:00,2018,10000.000000,13871.181230,0.370642,0.387118,3871.181230,btc_unhedged,fresh FX only (fixing <= 24h old)
2018-01-08 17:00:00+00:00,2018,10000.000000,15428.922319,0.538206,0.542892,5428.922319,btc_unhedged,fresh FX only (fixing <= 24h old)
2018-01-10 17:00:00+00:00,2018,10000.000000,14090.039694,0.411703,0.409004,4090.039694,btc_unhedged,fresh FX only (fixing <= 24h old)
2018-01-12 17:00:00+00:00,2018,10000.000000,13566.965669,0.360039,0.356697,3566.965669,btc_unhedged,fresh FX only (fixing <= 24h old)
2018-01-16 17:00:00+00:00,2018,10000.000000,11890.234255,0.241428,0.189023,1890.234255,btc_unhedged,fresh FX only (fixing <= 24h old)
2018-01-18 17:00:00+00:00,2018,10000.000000,11729.985948,0.196861,0.172999,1729.985948,btc_unhedged,fresh FX only (fixing <= 24h old)
2018-01-22 17:00:00+00:00,2018,5449.249399,6348.856989,0.163850,0.165088,899.607589,btc_unhedged,fresh FX only (fixing <= 24h old)
2019-01-01 04:00:00+00:00,2019,10000.000000,10040.745976,0.005999,0.004075,40.745976,btc_unhedged,fresh FX only (fixing <= 24h old)
2019-01-04 17:00:00+00:00,2019,10000.000000,10053.717248,0.005135,0.005372,53.717248,btc_unhedged,fresh FX only (fixing <= 24h old)
2019-01-10 17:00:00+00:00,2019,10000.000000,10040.343105,0.009720,0.004034,40.343105,btc_unhedged,fresh FX only (fixing <= 24h old)
2019-04-09 16:00:00+00:00,2019,10000.000000,10090.910569,0.005055,0.009091,90.910569,btc_unhedged,fresh FX only (fixing <= 24h old)
2019-04-11 16:00:00+00:00,2019,10000.000000,10101.177047,0.009944,0.010118,101.177047,btc_unhedged,fresh FX only (fixing <= 24h old)
2019-04-15 16:00:00+00:00,2019,10000.000000,10089.262031,0.011304,0.008926,89.262031,btc_unhedged,fresh FX only (fixing <= 24h old)
2019-04-17 16:00:00+00:00,2019,10000.000000,10083.163367,0.006631,0.008316,83.163367,btc_unhedged,fresh FX only (fixing <= 24h old)
2019-04-19 17:00:00+00:00,2019,10000.000000,10061.262817,0.005296,0.006126,61.262817,btc_unhedged,fresh FX only (fixing <= 24h old)
2019-04-22 17:00:00+00:00,2019,10000.000000,10137.471809,0.005205,0.013747,137.471809,btc_unhedged,fresh FX only (fixing <= 24h old)
2019-04-24 17:00:00+00:00,2019,9182.512930,9307.771665,0.013007,0.013641,125.258736,btc_unhedged,fresh FX only (fixing <= 24h old)
2020-03-12 11:00:00+00:00,2020,10000.000000,10619.123808,0.120270,0.061912,619.123808,btc_unhedged,fresh FX only (fixing <= 24h old)
2020-03-14 11:00:00+00:00,2020,10000.000000,10507.040096,0.040856,0.050704,507.040096,btc_unhedged,fresh FX only (fixing <= 24h old)
2020-03-16 16:00:00+00:00,2020,10000.000000,10096.826928,0.033645,0.009683,96.826928,btc_unhedged,fresh FX only (fixing <= 24h old)
2020-03-28 00:00:00+00:00,2020,10000.000000,9985.900516,0.008222,-0.001410,-14.099484,btc_unhedged,fresh FX only (fixing <= 24h old)
2020-09-04 00:00:00+00:00,2020,10000.000000,10211.669981,0.005740,0.021167,211.669981,btc_unhedged,fresh FX only (fixing <= 24h old)
2020-12-23 08:00:00+00:00,2020,10000.000000,10002.328890,0.005161,0.000233,2.328890,btc_unhedged,fresh FX only (fixing <= 24h old)
2020-12-28 22:00:00+00:00,2020,10000.000000,10101.732396,0.005028,0.010173,101.732396,btc_unhedged,fresh FX only (fixing <= 24h old)
2020-12-31 13:00:00+00:00,2020,10000.000000,10064.875937,0.010239,0.006488,64.875937,btc_unhedged,fresh FX only (fixing <= 24h old)
2021-01-04 17:00:00+00:00,2021,10000.000000,10265.197794,0.035916,0.026520,265.197794,btc_unhedged,fresh FX only (fixing <= 24h old)
2021-01-06 17:00:00+00:00,2021,10000.000000,10148.123115,0.015628,0.014812,148.123115,btc_unhedged,fresh FX only (fixing <= 24h old)
2021-01-08 17:00:00+00:00,2021,10000.000000,10352.749258,0.040679,0.035275,352.749258,btc_unhedged,fresh FX only (fixing <= 24h old)
2021-01-11 17:00:00+00:00,2021,10000.000000,10436.027962,0.019082,0.043603,436.027962,btc_unhedged,fresh FX only (fixing <= 24h old)
2021-01-21 17:00:00+00:00,2021,10000.000000,10417.921380,0.023601,0.041792,417.921380,btc_unhedged,fresh FX only (fixing <= 24h old)
2021-01-26 13:00:00+00:00,2021,10000.000000,10175.556865,0.008548,0.017556,175.556865,btc_unhedged,fresh FX only (fixing <= 24h old)
2021-02-19 16:00:00+00:00,2021,10000.000000,10156.686392,0.006054,0.015669,156.686392,btc_unhedged,fresh FX only (fixing <= 24h old)
2021-02-22 17:00:00+00:00,2021,10000.000000,9911.837476,0.012421,-0.008816,-88.162524,btc_unhedged,fresh FX only (fixing <= 24h old)
2021-02-24 22:00:00+00:00,2021,10000.000000,10128.697685,0.005607,0.012870,128.697685,btc_unhedged,fresh FX only (fixing <= 24h old)
2021-02-26 22:00:00+00:00,2021,7846.170395,7973.041781,0.020524,0.016170,126.871385,btc_unhedged,fresh FX only (fixing <= 24h old)
2022-01-03 17:00:00+00:00,2022,10000.000000,10102.019086,0.008970,0.010202,102.019086,btc_unhedged,fresh FX only (fixing <= 24h old)
2022-01-05 18:00:00+00:00,2022,10000.000000,10050.283448,0.007614,0.005028,50.283448,btc_unhedged,fresh FX only (fixing <= 24h old)
2022-01-07 18:00:00+00:00,2022,10000.000000,10068.459290,0.013315,0.006846,68.459290,btc_unhedged,fresh FX only (fixing <= 24h old)
2022-01-10 17:00:00+00:00,2022,10000.000000,9926.826796,0.006296,-0.007317,-73.173204,btc_unhedged,fresh FX only (fixing <= 24h old)
2022-01-12 17:00:00+00:00,2022,10000.000000,10156.335143,0.011014,0.015634,156.335143,btc_unhedged,fresh FX only (fixing <= 24h old)
2022-01-14 17:00:00+00:00,2022,10000.000000,10023.694422,0.005396,0.002369,23.694422,btc_unhedged,fresh FX only (fixing <= 24h old)
2022-01-21 00:00:00+00:00,2022,10000.000000,10106.037458,0.008341,0.010604,106.037458,btc_unhedged,fresh FX only (fixing <= 24h old)
2022-01-24 17:00:00+00:00,2022,10000.000000,10362.572026,0.011155,0.036257,362.572026,btc_unhedged,fresh FX only (fixing <= 24h old)
2022-01-26 20:00:00+00:00,2022,10000.000000,9923.532660,0.006259,-0.007647,-76.467340,btc_unhedged,fresh FX only (fixing <= 24h old)
2022-01-28 20:00:00+00:00,2022,9213.189918,9386.080465,0.007278,0.018766,172.890548,btc_unhedged,fresh FX only (fixing <= 24h old)
2023-01-26 17:00:00+00:00,2023,10000.000000,10052.005759,0.005410,0.005201,52.005759,btc_unhedged,fresh FX only (fixing <= 24h old)
2023-01-30 18:00:00+00:00,2023,10000.000000,10057.923595,0.005304,0.005792,57.923595,btc_unhedged,fresh FX only (fixing <= 24h old)
2023-02-02 17:00:00+00:00,2023,10000.000000,10152.998927,0.011044,0.015300,152.998927,btc_unhedged,fresh FX only (fixing <= 24h old)
2023-02-07 00:00:00+00:00,2023,10000.000000,10132.150710,0.009367,0.013215,132.150710,btc_unhedged,fresh FX only (fixing <= 24h old)
2023-02-09 20:00:00+00:00,2023,10000.000000,10099.198417,0.012627,0.009920,99.198417,btc_unhedged,fresh FX only (fixing <= 24h old)
2023-02-13 17:00:00+00:00,2023,10000.000000,10049.534636,0.005205,0.004953,49.534636,btc_unhedged,fresh FX only (fixing <= 24h old)
2023-02-24 16:00:00+00:00,2023,10000.000000,9970.705918,0.005409,-0.002929,-29.294082,btc_unhedged,fresh FX only (fixing <= 24h old)
2023-03-03 02:00:00+00:00,2023,10000.000000,10080.161917,0.007201,0.008016,80.161917,btc_unhedged,fresh FX only (fixing <= 24h old)
2023-03-06 17:00:00+00:00,2023,10000.000000,10091.208625,0.012710,0.009121,91.208625,btc_unhedged,fresh FX only (fixing <= 24h old)
2023-03-09 21:00:00+00:00,2023,9163.058937,9328.421780,0.016485,0.018047,165.362844,btc_unhedged,fresh FX only (fixing <= 24h old)
2024-01-02 17:00:00+00:00,2024,10000.000000,10081.557650,0.013099,0.008156,81.557650,btc_unhedged,fresh FX only (fixing <= 24h old)
2024-01-04 17:00:00+00:00,2024,10000.000000,10117.531907,0.009194,0.011753,117.531907,btc_unhedged,fresh FX only (fixing <= 24h old)
2024-01-08 17:00:00+00:00,2024,10000.000000,10161.160888,0.006084,0.016116,161.160888,btc_unhedged,fresh FX only (fixing <= 24h old)
2024-01-10 21:00:00+00:00,2024,10000.000000,10102.526927,0.008013,0.010253,102.526927,btc_unhedged,fresh FX only (fixing <= 24h old)
2024-01-12 21:00:00+00:00,2024,10000.000000,10304.384155,0.037542,0.030438,304.384155,btc_unhedged,fresh FX only (fixing <= 24h old)
2024-01-16 17:00:00+00:00,2024,10000.000000,10107.006214,0.014048,0.010701,107.006214,btc_unhedged,fresh FX only (fixing <= 24h old)
2024-01-18 17:00:00+00:00,2024,10000.000000,10155.644856,0.017765,0.015564,155.644856,btc_unhedged,fresh FX only (fixing <= 24h old)
2024-01-22 17:00:00+00:00,2024,10000.000000,10207.574475,0.016929,0.020757,207.574475,btc_unhedged,fresh FX only (fixing <= 24h old)
2024-01-24 17:00:00+00:00,2024,10000.000000,10132.745809,0.013201,0.013275,132.745809,btc_unhedged,fresh FX only (fixing <= 24h old)
2024-01-26 17:00:00+00:00,2024,8511.150608,8616.660998,0.013948,0.012397,105.510390,btc_unhedged,fresh FX only (fixing <= 24h old)
2025-01-07 17:00:00+00:00,2025,10000.000000,10037.681543,0.006512,0.003768,37.681543,btc_unhedged,fresh FX only (fixing <= 24h old)
2025-01-09 17:00:00+00:00,2025,10000.000000,10032.860817,0.014203,0.003286,32.860817,btc_unhedged,fresh FX only (fixing <= 24h old)
2025-01-13 17:00:00+00:00,2025,10000.000000,10289.132608,0.023056,0.028913,289.132608,btc_unhedged,fresh FX only (fixing <= 24h old)
2025-01-18 08:00:00+00:00,2025,10000.000000,10111.566348,0.006815,0.011157,111.566348,btc_unhedged,fresh FX only (fixing <= 24h old)
2025-01-21 17:00:00+00:00,2025,10000.000000,10291.427404,0.021500,0.029143,291.427404,btc_unhedged,fresh FX only (fixing <= 24h old)
2025-01-23 17:00:00+00:00,2025,10000.000000,10293.855390,0.022818,0.029386,293.855390,btc_unhedged,fresh FX only (fixing <= 24h old)
2025-01-27 17:00:00+00:00,2025,10000.000000,10519.466236,0.055734,0.051947,519.466236,btc_unhedged,fresh FX only (fixing <= 24h old)
2025-01-29 17:00:00+00:00,2025,10000.000000,10513.807758,0.048661,0.051381,513.807758,btc_unhedged,fresh FX only (fixing <= 24h old)
2025-01-31 17:00:00+00:00,2025,10000.000000,10217.921812,0.024199,0.021792,217.921812,btc_unhedged,fresh FX only (fixing <= 24h old)
2025-02-03 17:00:00+00:00,2025,7229.362095,7690.493713,0.064033,0.063786,461.131618,btc_unhedged,fresh FX only (fixing <= 24h old)
2026-01-29 16:00:00+00:00,2026,10000.000000,10114.324832,0.006087,0.011432,114.324832,btc_unhedged,fresh FX only (fixing <= 24h old)
2026-01-31 16:00:00+00:00,2026,10000.000000,10045.015927,0.012868,0.004502,45.015927,btc_unhedged,fresh FX only (fixing <= 24h old)
2026-02-02 23:00:00+00:00,2026,10000.000000,10069.826361,0.005021,0.006983,69.826361,btc_unhedged,fresh FX only (fixing <= 24h old)
2026-02-11 17:00:00+00:00,2026,10000.000000,10130.595807,0.008249,0.013060,130.595807,btc_unhedged,fresh FX only (fixing <= 24h old)
2026-02-14 09:00:00+00:00,2026,10000.000000,10051.085668,0.005747,0.005109,51.085668,btc_unhedged,fresh FX only (fixing <= 24h old)
2026-02-17 17:00:00+00:00,2026,10000.000000,10063.803678,0.008975,0.006380,63.803678,btc_unhedged,fresh FX only (fixing <= 24h old)
2026-02-23 18:00:00+00:00,2026,10000.000000,10034.628480,0.006571,0.003463,34.628480,btc_unhedged,fresh FX only (fixing <= 24h old)
2026-02-28 07:00:00+00:00,2026,10000.000000,10119.952326,0.005533,0.011995,119.952326,btc_unhedged,fresh FX only (fixing <= 24h old)
2026-03-03 11:00:00+00:00,2026,10000.000000,10104.199158,0.006035,0.010420,104.199158,btc_unhedged,fresh FX only (fixing <= 24h old)
2019-09-24 19:00:00+00:00,2019,10000.000000,10008.589034,0.009239,0.000859,8.589034,btc_hedged,fresh FX only (fixing <= 24h old)
2020-03-12 11:00:00+00:00,2020,10000.000000,10522.542312,0.119271,0.052254,522.542312,btc_hedged,fresh FX only (fixing <= 24h old)
2020-03-14 11:00:00+00:00,2020,10000.000000,10379.468034,0.039857,0.037947,379.468034,btc_hedged,fresh FX only (fixing <= 24h old)
2020-03-16 16:00:00+00:00,2020,10000.000000,10358.976680,0.032646,0.035898,358.976680,btc_hedged,fresh FX only (fixing <= 24h old)
2020-03-28 00:00:00+00:00,2020,10000.000000,10058.537941,0.007223,0.005854,58.537941,btc_hedged,fresh FX only (fixing <= 24h old)
2020-12-23 11:00:00+00:00,2020,10000.000000,10038.450784,0.008633,0.003845,38.450784,btc_hedged,fresh FX only (fixing <= 24h old)
2020-12-29 04:00:00+00:00,2020,10000.000000,10051.458919,0.007760,0.005146,51.458919,btc_hedged,fresh FX only (fixing <= 24h old)
2020-12-31 13:00:00+00:00,2020,10000.000000,10089.323015,0.009240,0.008932,89.323015,btc_hedged,fresh FX only (fixing <= 24h old)
2021-01-04 17:00:00+00:00,2021,10000.000000,10349.712536,0.034917,0.034971,349.712536,btc_hedged,fresh FX only (fixing <= 24h old)
2021-01-06 17:00:00+00:00,2021,10000.000000,10055.513384,0.014629,0.005551,55.513384,btc_hedged,fresh FX only (fixing <= 24h old)
2021-01-08 17:00:00+00:00,2021,10000.000000,10413.988875,0.039680,0.041399,413.988875,btc_hedged,fresh FX only (fixing <= 24h old)
2021-01-11 17:00:00+00:00,2021,10000.000000,10091.789361,0.018083,0.009179,91.789361,btc_hedged,fresh FX only (fixing <= 24h old)
2021-01-21 17:00:00+00:00,2021,10000.000000,10141.402468,0.022602,0.014140,141.402468,btc_hedged,fresh FX only (fixing <= 24h old)
2021-01-26 13:00:00+00:00,2021,10000.000000,10030.787307,0.007549,0.003079,30.787307,btc_hedged,fresh FX only (fixing <= 24h old)
2021-02-19 16:00:00+00:00,2021,10000.000000,10052.901907,0.005055,0.005290,52.901907,btc_hedged,fresh FX only (fixing <= 24h old)
2021-02-22 17:00:00+00:00,2021,10000.000000,10104.838905,0.011422,0.010484,104.838905,btc_hedged,fresh FX only (fixing <= 24h old)
2021-02-24 23:00:00+00:00,2021,10000.000000,10064.735817,0.009706,0.006474,64.735817,btc_hedged,fresh FX only (fixing <= 24h old)
2021-02-26 23:00:00+00:00,2021,8523.168275,8679.527017,0.020082,0.018345,156.358742,btc_hedged,fresh FX only (fixing <= 24h old)
2022-01-03 17:00:00+00:00,2022,10000.000000,10071.642301,0.007971,0.007164,71.642301,btc_hedged,fresh FX only (fixing <= 24h old)
2022-01-05 18:00:00+00:00,2022,10000.000000,10060.018102,0.006615,0.006002,60.018102,btc_hedged,fresh FX only (fixing <= 24h old)
2022-01-07 18:00:00+00:00,2022,10000.000000,10126.502932,0.012316,0.012650,126.502932,btc_hedged,fresh FX only (fixing <= 24h old)
2022-01-10 17:00:00+00:00,2022,10000.000000,10088.558540,0.005297,0.008856,88.558540,btc_hedged,fresh FX only (fixing <= 24h old)
2022-01-12 17:00:00+00:00,2022,10000.000000,10093.506523,0.010015,0.009351,93.506523,btc_hedged,fresh FX only (fixing <= 24h old)
2022-01-14 18:00:00+00:00,2022,10000.000000,10079.607059,0.008119,0.007961,79.607059,btc_hedged,fresh FX only (fixing <= 24h old)
2022-01-21 00:00:00+00:00,2022,10000.000000,10043.496286,0.007342,0.004350,43.496286,btc_hedged,fresh FX only (fixing <= 24h old)
2022-01-24 17:00:00+00:00,2022,10000.000000,10078.053161,0.010156,0.007805,78.053161,btc_hedged,fresh FX only (fixing <= 24h old)
2022-01-26 20:00:00+00:00,2022,10000.000000,10063.773846,0.005260,0.006377,63.773846,btc_hedged,fresh FX only (fixing <= 24h old)
2022-01-28 20:00:00+00:00,2022,9236.748463,9268.223196,0.006289,0.003408,31.474733,btc_hedged,fresh FX only (fixing <= 24h old)
2023-01-26 18:00:00+00:00,2023,10000.000000,10031.867095,0.005129,0.003187,31.867095,btc_hedged,fresh FX only (fixing <= 24h old)
2023-01-30 20:00:00+00:00,2023,10000.000000,10061.797614,0.007806,0.006180,61.797614,btc_hedged,fresh FX only (fixing <= 24h old)
2023-02-02 17:00:00+00:00,2023,10000.000000,10099.744134,0.010045,0.009974,99.744134,btc_hedged,fresh FX only (fixing <= 24h old)
2023-02-07 00:00:00+00:00,2023,10000.000000,10107.841699,0.008368,0.010784,107.841699,btc_hedged,fresh FX only (fixing <= 24h old)
2023-02-09 20:00:00+00:00,2023,10000.000000,10106.673690,0.011628,0.010667,106.673690,btc_hedged,fresh FX only (fixing <= 24h old)
2023-02-13 18:00:00+00:00,2023,10000.000000,10028.581091,0.006088,0.002858,28.581091,btc_hedged,fresh FX only (fixing <= 24h old)
2023-02-24 22:00:00+00:00,2023,10000.000000,10052.802029,0.005306,0.005280,52.802029,btc_hedged,fresh FX only (fixing <= 24h old)
2023-03-03 02:00:00+00:00,2023,10000.000000,9980.710067,0.006202,-0.001929,-19.289933,btc_hedged,fresh FX only (fixing <= 24h old)
2023-03-06 17:00:00+00:00,2023,10000.000000,10100.223993,0.011711,0.010022,100.223993,btc_hedged,fresh FX only (fixing <= 24h old)
2023-03-09 21:00:00+00:00,2023,9285.451497,9399.532226,0.015541,0.012286,114.080728,btc_hedged,fresh FX only (fixing <= 24h old)
2024-01-02 17:00:00+00:00,2024,10000.000000,10157.879952,0.012100,0.015788,157.879952,btc_hedged,fresh FX only (fixing <= 24h old)
2024-01-04 17:00:00+00:00,2024,10000.000000,10090.631601,0.008195,0.009063,90.631601,btc_hedged,fresh FX only (fixing <= 24h old)
2024-01-08 17:00:00+00:00,2024,10000.000000,9993.774120,0.005085,-0.000623,-6.225880,btc_hedged,fresh FX only (fixing <= 24h old)
2024-01-10 21:00:00+00:00,2024,10000.000000,10131.756779,0.007014,0.013176,131.756779,btc_hedged,fresh FX only (fixing <= 24h old)
2024-01-12 21:00:00+00:00,2024,10000.000000,10341.189549,0.036543,0.034119,341.189549,btc_hedged,fresh FX only (fixing <= 24h old)
2024-01-16 17:00:00+00:00,2024,10000.000000,10142.769322,0.013049,0.014277,142.769322,btc_hedged,fresh FX only (fixing <= 24h old)
2024-01-18 17:00:00+00:00,2024,10000.000000,10177.172610,0.016766,0.017717,177.172610,btc_hedged,fresh FX only (fixing <= 24h old)
2024-01-22 17:00:00+00:00,2024,10000.000000,10150.863906,0.015930,0.015086,150.863906,btc_hedged,fresh FX only (fixing <= 24h old)
2024-01-24 17:00:00+00:00,2024,10000.000000,10134.703043,0.012202,0.013470,134.703043,btc_hedged,fresh FX only (fixing <= 24h old)
2024-01-26 17:00:00+00:00,2024,8568.048701,8675.348667,0.012980,0.012523,107.299966,btc_hedged,fresh FX only (fixing <= 24h old)
2025-01-07 17:00:00+00:00,2025,10000.000000,10074.353257,0.005513,0.007435,74.353257,btc_hedged,fresh FX only (fixing <= 24h old)
2025-01-09 17:00:00+00:00,2025,10000.000000,10188.074488,0.013204,0.018807,188.074488,btc_hedged,fresh FX only (fixing <= 24h old)
2025-01-13 17:00:00+00:00,2025,10000.000000,10209.029091,0.022057,0.020903,209.029091,btc_hedged,fresh FX only (fixing <= 24h old)
2025-01-18 08:00:00+00:00,2025,10000.000000,10057.808891,0.005816,0.005781,57.808891,btc_hedged,fresh FX only (fixing <= 24h old)
2025-01-21 17:00:00+00:00,2025,10000.000000,10166.479620,0.020501,0.016648,166.479620,btc_hedged,fresh FX only (fixing <= 24h old)
2025-01-23 17:00:00+00:00,2025,10000.000000,10208.897589,0.021819,0.020890,208.897589,btc_hedged,fresh FX only (fixing <= 24h old)
2025-01-27 17:00:00+00:00,2025,10000.000000,10568.997883,0.054735,0.056900,568.997883,btc_hedged,fresh FX only (fixing <= 24h old)
2025-01-29 17:00:00+00:00,2025,10000.000000,10472.981617,0.047662,0.047298,472.981617,btc_hedged,fresh FX only (fixing <= 24h old)
2025-01-31 17:00:00+00:00,2025,10000.000000,10255.585060,0.023200,0.025559,255.585060,btc_hedged,fresh FX only (fixing <= 24h old)
2025-02-03 17:00:00+00:00,2025,7334.861274,7746.633328,0.063114,0.056139,411.772054,btc_hedged,fresh FX only (fixing <= 24h old)
2026-01-29 16:00:00+00:00,2026,10000.000000,10064.796866,0.005088,0.006480,64.796866,btc_hedged,fresh FX only (fixing <= 24h old)
2026-01-31 16:00:00+00:00,2026,10000.000000,10150.230872,0.011869,0.015023,150.230872,btc_hedged,fresh FX only (fixing <= 24h old)
2026-02-03 00:00:00+00:00,2026,10000.000000,10038.781322,0.006710,0.003878,38.781322,btc_hedged,fresh FX only (fixing <= 24h old)
2026-02-11 17:00:00+00:00,2026,10000.000000,10048.083582,0.007250,0.004808,48.083582,btc_hedged,fresh FX only (fixing <= 24h old)
2026-02-14 12:00:00+00:00,2026,10000.000000,10039.838857,0.006288,0.003984,39.838857,btc_hedged,fresh FX only (fixing <= 24h old)
2026-02-17 17:00:00+00:00,2026,10000.000000,10094.248211,0.007976,0.009425,94.248211,btc_hedged,fresh FX only (fixing <= 24h old)
2026-02-23 18:00:00+00:00,2026,10000.000000,10052.052782,0.005572,0.005205,52.052782,btc_hedged,fresh FX only (fixing <= 24h old)
2026-03-03 11:00:00+00:00,2026,10000.000000,10069.347355,0.005036,0.006935,69.347355,btc_hedged,fresh FX only (fixing <= 24h old)
2024-06-07 18:00:00+00:00,2024,10000.000000,10172.426696,0.013622,0.017243,172.426696,usdt,fresh FX only (fixing <= 24h old)
2024-06-11 02:00:00+00:00,2024,10000.000000,10060.026109,0.006003,0.006003,60.026109,usdt,fresh FX only (fixing <= 24h old)
2024-06-13 02:00:00+00:00,2024,10000.000000,10086.253691,0.007189,0.008625,86.253691,usdt,fresh FX only (fixing <= 24h old)
2024-06-15 02:00:00+00:00,2024,10000.000000,10143.857216,0.015103,0.014386,143.857216,usdt,fresh FX only (fixing <= 24h old)
2024-06-17 16:00:00+00:00,2024,10000.000000,10032.155779,0.005366,0.003216,32.155779,usdt,fresh FX only (fixing <= 24h old)
2024-06-20 16:00:00+00:00,2024,10000.000000,10068.257711,0.007540,0.006826,68.257711,usdt,fresh FX only (fixing <= 24h old)
2024-06-24 20:00:00+00:00,2024,10000.000000,10040.532941,0.005478,0.004053,40.532941,usdt,fresh FX only (fixing <= 24h old)
2024-06-28 16:00:00+00:00,2024,10000.000000,10082.615829,0.006824,0.008262,82.615829,usdt,fresh FX only (fixing <= 24h old)
2024-07-03 13:00:00+00:00,2024,10000.000000,10052.441059,0.005958,0.005244,52.441059,usdt,fresh FX only (fixing <= 24h old)
2024-07-05 16:00:00+00:00,2024,9075.546231,9267.940621,0.020482,0.021199,192.394390,usdt,fresh FX only (fixing <= 24h old)
2025-01-07 17:00:00+00:00,2025,10000.000000,10085.317652,0.007169,0.008532,85.317652,usdt,fresh FX only (fixing <= 24h old)
2025-01-09 17:00:00+00:00,2025,10000.000000,10207.590417,0.014656,0.020759,207.590417,usdt,fresh FX only (fixing <= 24h old)
2025-01-13 17:00:00+00:00,2025,10000.000000,10228.426480,0.022843,0.022843,228.426480,usdt,fresh FX only (fixing <= 24h old)
2025-01-18 06:00:00+00:00,2025,10000.000000,10053.218514,0.005322,0.005322,53.218514,usdt,fresh FX only (fixing <= 24h old)
2025-01-21 17:00:00+00:00,2025,10000.000000,10192.350601,0.021993,0.019235,192.350601,usdt,fresh FX only (fixing <= 24h old)
2025-01-23 17:00:00+00:00,2025,10000.000000,10240.874736,0.024087,0.024087,240.874736,usdt,fresh FX only (fixing <= 24h old)
2025-01-27 17:00:00+00:00,2025,10000.000000,10589.211737,0.056851,0.058921,589.211737,usdt,fresh FX only (fixing <= 24h old)
2025-01-29 17:00:00+00:00,2025,10000.000000,10488.925598,0.051638,0.048893,488.925598,usdt,fresh FX only (fixing <= 24h old)
2025-01-31 17:00:00+00:00,2025,10000.000000,10272.656545,0.024543,0.027266,272.656545,usdt,fresh FX only (fixing <= 24h old)
2025-02-03 17:00:00+00:00,2025,7173.630748,7587.997165,0.065211,0.057762,414.366418,usdt,fresh FX only (fixing <= 24h old)
2026-01-29 16:00:00+00:00,2026,10000.000000,10064.681478,0.006284,0.006468,64.681478,usdt,fresh FX only (fixing <= 24h old)
2026-01-31 16:00:00+00:00,2026,10000.000000,10168.151044,0.014075,0.016815,168.151044,usdt,fresh FX only (fixing <= 24h old)
2026-02-02 23:00:00+00:00,2026,10000.000000,10067.593795,0.005397,0.006759,67.593795,usdt,fresh FX only (fixing <= 24h old)
2026-02-11 17:00:00+00:00,2026,10000.000000,10061.973757,0.008933,0.006197,61.973757,usdt,fresh FX only (fixing <= 24h old)
2026-02-14 09:00:00+00:00,2026,10000.000000,10069.820613,0.005611,0.006982,69.820613,usdt,fresh FX only (fixing <= 24h old)
2026-02-17 17:00:00+00:00,2026,10000.000000,10113.915152,0.010707,0.011392,113.915152,usdt,fresh FX only (fixing <= 24h old)
2026-02-23 18:00:00+00:00,2026,10000.000000,10064.923713,0.007178,0.006492,64.923713,usdt,fresh FX only (fixing <= 24h old)
2026-03-03 10:00:00+00:00,2026,10000.000000,10077.839180,0.006409,0.007784,77.839180,usdt,fresh FX only (fixing <= 24h old)
