fx_spread,entry_buffer,years,n_years,median_annual_profit_usd,mean_annual_profit_usd,min_annual_profit_usd,path
0.0025,0.0000,2020-2025,6,1299.6025,1258.2830,259.9305,btc_hedged
0.0025,0.0025,2020-2025,6,1459.8638,1434.5379,709.8932,btc_hedged
0.0025,0.0050,2020-2025,6,1603.6766,1509.2069,724.6679,btc_hedged
0.0025,0.0100,2020-2025,6,2018.0397,2065.1537,1318.8420,btc_hedged
0.0025,0.0200,2020-2025,6,2313.6027,2497.1704,1715.8542,btc_hedged
0.0050,0.0000,2020-2025,6,1211.8465,1188.7974,460.6120,btc_hedged
0.0050,0.0025,2020-2025,6,1355.0109,1263.2753,475.8912,btc_hedged
0.0050,0.0050,2020-2025,6,1327.1619,1436.7960,718.1906,btc_hedged
0.0050,0.0100,2020-2025,6,1885.6867,1868.6986,1174.7023,btc_hedged
0.0050,0.0200,2020-2025,6,2317.7397,2439.2693,1416.8925,btc_hedged
0.0100,0.0000,2020-2025,6,780.3571,927.4151,228.4622,btc_hedged
0.0100,0.0025,2020-2025,6,1316.1241,1348.7156,578.3128,btc_hedged
0.0100,0.0050,2020-2025,6,1445.0351,1403.9605,684.3221,btc_hedged
0.0100,0.0100,2020-2025,6,1518.3604,1658.3807,1030.0395,btc_hedged
0.0100,0.0200,2020-2025,6,2246.6990,2260.8336,1260.9870,btc_hedged
0.0175,0.0000,2020-2025,6,805.2675,795.7702,102.1031,btc_hedged
0.0175,0.0025,2020-2025,6,779.6959,975.5501,295.9950,btc_hedged
0.0175,0.0050,2020-2025,6,1062.2625,1182.9249,560.2618,btc_hedged
0.0175,0.0100,2020-2025,6,1364.4687,1492.8469,769.0209,btc_hedged
0.0175,0.0200,2020-2025,6,2286.5434,2262.2782,1030.0018,btc_hedged
0.0025,0.0000,2025,1,1449.8794,1449.8794,1449.8794,usdt
0.0025,0.0025,2025,1,1484.9765,1484.9765,1484.9765,usdt
0.0025,0.0050,2025,1,2066.7334,2066.7334,2066.7334,usdt
0.0025,0.0100,2025,1,3473.9197,3473.9197,3473.9197,usdt
0.0025,0.0200,2025,1,4142.9695,4142.9695,4142.9695,usdt
0.0050,0.0000,2025,1,1243.2885,1243.2885,1243.2885,usdt
0.0050,0.0025,2025,1,1832.9573,1832.9573,1832.9573,usdt
0.0050,0.0050,2025,1,2430.1966,2430.1966,2430.1966,usdt
0.0050,0.0100,2025,1,3240.2514,3240.2514,3240.2514,usdt
0.0050,0.0200,2025,1,3886.4480,3886.4480,3886.4480,usdt
0.0100,0.0000,2025,1,1958.2488,1958.2488,1958.2488,usdt
0.0100,0.0025,2025,1,2772.9387,2772.9387,2772.9387,usdt
0.0100,0.0050,2025,1,2772.9387,2772.9387,2772.9387,usdt
0.0100,0.0100,2025,1,2900.7826,2900.7826,2900.7826,usdt
0.0100,0.0200,2025,1,3752.0153,3752.0153,3752.0153,usdt
0.0175,0.0000,2025,1,2110.4631,2110.4631,2110.4631,usdt
0.0175,0.0025,2025,1,2199.8657,2199.8657,2199.8657,usdt
0.0175,0.0050,2025,1,2755.4437,2755.4437,2755.4437,usdt
0.0175,0.0100,2025,1,3041.3281,3041.3281,3041.3281,usdt
0.0175,0.0200,2025,1,3605.7008,3605.7008,3605.7008,usdt
