date,source,kp,crypto_prem,usdt_prem
2023-12-07,bithumb,0.029427967055674964,0.00019794860694610783,0.02922423355240822
2023-12-08,bithumb,0.04291988412569414,0.00015481272159645343,0.042758451851795165
2023-12-09,bithumb,0.047613906843303466,-0.00047692425259093785,0.04811377772337444
2023-12-10,bithumb,0.047492252271300606,0.0001370327730749743,0.04734873117029181
2023-12-11,bithumb,0.04185537100158099,-0.00038077749339560096,0.042252237195946396
2023-12-12,bithumb,0.052353566736684565,0.0018329697828400882,0.050428163653663205
2023-12-13,bithumb,0.05095376533538665,4.860374210435836e-06,0.050948657331636005
2023-12-14,bithumb,0.055089659261206014,-0.0003565363559638879,0.05546597125244013
2023-12-15,bithumb,0.06333796414078896,6.781490067275797e-07,0.06333724303969368
2023-12-16,bithumb,0.05436517158533416,0.0002729964574423871,0.05407741218593731
2023-12-17,bithumb,0.05283271602640971,-0.00044910377073636987,0.053305759614791004
2023-12-18,bithumb,0.049242966150656375,0.0003887951256988931,0.048835184143399823
2023-12-19,bithumb,0.04004054970981086,0.0009720654841407494,0.039030543981039
2023-12-20,bithumb,0.040837155471475484,-0.0005347752168141096,0.04139406720955652
2023-12-21,bithumb,0.03911472973991481,0.0006329753942697636,0.038457411750279835
2023-12-22,bithumb,0.04261604002412467,3.6153735657906694e-05,0.04257834692216744
2023-12-23,bithumb,0.04308979035312688,0.0004905563524018053,0.04257834692216744
2023-12-24,bithumb,0.03451669499840526,-0.00037138286111071395,0.03490103950742407
2023-12-25,bithumb,0.024924607799761578,3.969021349359281e-06,0.024920539868257485
2023-12-26,bithumb,0.03540301385405398,5.250050791749672e-05,0.03534865752366234
2023-12-27,bithumb,0.03166089308150033,0.0002470508948657635,0.03140608328565464
2023-12-28,bithumb,0.03980577994393486,0.0012987721739634583,0.03845706080949984
2023-12-29,bithumb,0.04062830490655989,0.0025521811830011565,0.037979193939440936
2023-12-30,bithumb,0.03833830976031427,-0.00039999421978154093,0.038753805278201714
2023-12-31,bithumb,0.03767166251860088,0.00045032573684733457,0.03720458260068016
2024-01-01,bithumb,0.03745884187435089,-0.0005013126160217096,0.037979193939440936
2024-01-02,bithumb,0.028076898305025022,2.5854737210950773e-05,0.028050318334204905
2024-01-03,bithumb,0.04147705278527458,0.0009069967526227352,0.040533292468010185
2024-01-04,bithumb,0.025931853358977852,0.0010207306947660477,0.024885721044879627
2024-01-05,bithumb,0.029454073655417634,0.0010128369420105976,0.02841245952478677
2024-01-06,bithumb,0.02586087021789929,0.00047670724690340727,0.025372067922348585
2024-01-07,bithumb,0.027746781143910715,0.0015734964507789773,0.026132165822958076
2024-01-08,bithumb,0.021183793947169516,0.0003343079977788932,0.020842518128886267
2024-01-09,bithumb,0.024668686798855255,0.0002833963889836699,0.024378381664538873
2024-01-10,bithumb,0.020062238083077277,0.001420505880785683,0.018615289074688235
2024-01-11,bithumb,0.04530068817106647,0.0003801862945604917,0.04490343020776222
2024-01-12,bithumb,0.051116867617964745,0.001122121173394497,0.04993870916164789
2024-01-13,bithumb,0.04546988248558703,9.511897698111227e-05,0.04537044791801481
2024-01-14,bithumb,0.0435291419087811,0.00042453304701628447,0.043086317296198384
2024-01-15,bithumb,0.044805653935133805,-0.0005402811835802934,0.04537044791801481
2024-01-16,bithumb,0.028739086206067244,-0.0001707348296506872,0.028914757791963952
2024-01-17,bithumb,0.023603698131416273,0.0006973084648680405,0.022890427977354966
2024-01-18,bithumb,0.03177849665793153,0.001648170290697859,0.03008074817177464
2024-01-19,bithumb,0.03527038352416789,0.000534632822097203,0.034717189752937916
2024-01-20,bithumb,0.03193708176503951,0.00020184073494444732,0.0317288368583446
2024-01-21,bithumb,0.03250963233869619,3.264701469984921e-05,0.03247592508199304
2024-01-22,bithumb,0.03133267620569269,0.00013112603787557298,0.03119745936857843
2024-01-23,bithumb,0.03370615193573956,-0.00020600637722112403,0.033919145873320566
2024-01-24,bithumb,0.027271188370944,-0.0005659930681116698,0.027852946013425584
2024-01-25,bithumb,0.03370239007418663,1.9111614129929677e-05,0.03368263473053901
2024-01-26,bithumb,0.029958205755143297,7.74415300375253e-05,0.029878450392192057
2024-01-27,bithumb,0.0316183229917284,0.00023556529955626182,0.03137536674450647
2024-01-28,bithumb,0.02952856704915141,-0.00033973265768161287,0.029878450392192057
2024-01-29,bithumb,0.022990418347962338,0.0001491242340436738,0.02283788843129919
2024-01-30,bithumb,0.02731208210061853,0.0001654544073077524,0.02714213690713585
2024-01-31,bithumb,0.025665345930331984,0.00011736324499667106,0.025544984643044444
2024-02-01,bithumb,0.0305701485324279,-0.000369473843760626,0.0309510579825496
2024-02-02,bithumb,0.03792019419142556,1.946406825470426e-05,0.03789999243513109
2024-02-03,bithumb,0.04033305559231226,-0.0005695739916585785,0.04092593993494198
2024-02-04,bithumb,0.04223910585539792,0.0005344037982939476,0.04168242680989476
2024-02-05,bithumb,0.034799145716672086,0.00021566228465963455,0.03457602668710269
2024-02-06,bithumb,0.03186083261735928,-0.0006540813564301917,0.03253619529253937
2024-02-07,bithumb,0.029018860959071135,-0.0015433000941211805,0.030609400543932797
2024-02-08,bithumb,0.02727087466957845,-0.0005218824011524736,0.027807269195147866
2024-02-09,bithumb,0.017700140477565185,-0.00022398137756662884,0.017928137424049195
2024-02-10,bithumb,0.01516178029567894,-0.0005079990308941573,0.015677743605130967
2024-02-11,bithumb,0.014775952954920513,-0.00014942876259838034,0.014927612332158224
2024-02-12,bithumb,0.01235484512187468,-0.0008755595627055746,0.013241998843296798
2024-02-13,bithumb,0.026055975873300108,0.00035184232205431876,0.025695092930083874
2024-02-14,bithumb,0.014837940636354574,-9.627968562986311e-05,0.014935658322472456
2024-02-15,bithumb,0.027805568529264857,-0.0007812102572344326,0.028609128531158268
2024-02-16,bithumb,0.03713991133460848,0.001113735383404979,0.03598609696170674
2024-02-17,bithumb,0.03515427524927284,-7.991947411778444e-05,0.035237010846767
2024-02-18,bithumb,0.030384909075385602,-0.0003469198987812172,0.030742494157128375
2024-02-19,bithumb,0.03717425698439736,0.000423515971019528,0.03673518307664647
2024-02-20,bithumb,0.03987004193669175,0.0025711705694599907,0.037203215554309166
2024-02-21,bithumb,0.04430874206949631,7.170389216226702e-05,0.04423386643694527
2024-02-22,bithumb,0.04833597285280122,0.0006713293744577964,0.04763266627029217
2024-02-23,bithumb,0.051511602337293017,0.0008266340555764806,0.050643104966471286
2024-02-24,bithumb,0.04067695537289673,-0.0008974874468774541,0.04161178887793415
2024-02-25,bithumb,0.039578359602733704,0.0009406972374990108,0.038601350181755256
2024-02-26,bithumb,0.029104198268792958,-0.00029663262189350004,0.029409554724013187
2024-02-27,bithumb,0.037157792495776665,-0.0004983202600078451,0.03767488691522791
2024-02-28,bithumb,0.03520240316858492,3.6959277869064167e-05,0.03516414424933756
2024-02-29,bithumb,0.04798681054759424,-0.0004928648211349751,0.04850358107754138
2024-03-01,bithumb,0.056623346719014256,0.00027010156066675783,0.05633802816901423
2024-03-02,bithumb,0.050069503118980396,-0.00026193098201499065,0.05034462091699132
2024-03-03,bithumb,0.045434364824973095,0.0003195628447125731,0.045100389571471444
2024-03-04,bithumb,0.047471469683429524,-0.001082884760134073,0.04860699021250059
2024-03-05,bithumb,0.062419641729430486,0.0020709071050113437,0.06022401628120999
2024-03-06,bithumb,0.052160462255766316,0.0004073663895720614,0.05173202197917526
2024-03-07,bithumb,0.060173267914070516,-8.932550852214227e-06,0.06018273805029084
2024-03-08,bithumb,0.0675693347434776,0.00030033518492533773,0.0672488023770541
2024-03-09,bithumb,0.060256375575292065,-0.00016080688422359657,0.06042689952095093
2024-03-10,bithumb,0.07067402330601746,0.00036744013255152197,0.07028075920198895
2024-03-11,bithumb,0.0642455022418229,-8.916680923087839e-05,0.06434040607976832
2024-03-12,bithumb,0.07245150531038469,0.0005629054739917372,0.07184815611601914
2024-03-13,bithumb,0.07919082529095789,0.0012560354871302692,0.07783702373979784
2024-03-14,bithumb,0.07996252244395796,0.0018343399617348766,0.07798513123956918
2024-03-15,bithumb,0.08802421628791124,0.0016378060403978711,0.08624515740775585
2024-03-16,bithumb,0.0914616460101545,-4.5114318677486054e-05,0.09151088878023095
2024-03-17,bithumb,0.08638702800961018,0.0008236976331081891,0.08549291006883064
2024-03-18,bithumb,0.0990449761702914,0.001144391920040455,0.09778867567993177
2024-03-19,bithumb,0.100113850662362,0.00017687776115882237,0.09991929939922883
2024-03-20,bithumb,0.09674287081357003,0.001063830181858405,0.09557736254872973
2024-03-21,bithumb,0.09692758200283103,0.0015600313824328804,0.09521900598286082
2024-03-22,bithumb,0.09006668139285967,0.00045392938205846,0.08957209260615473
2024-03-23,bithumb,0.08151747457026448,-0.0005374354824214667,0.08209903298608512
2024-03-24,bithumb,0.07940189056958058,0.00027066886896021103,0.07910980913805732
2024-03-25,bithumb,0.060771427867593486,0.00014208340541399522,0.0606207312622431
2024-03-26,bithumb,0.059248432469072965,-0.00025990643368389854,0.059523809523809534
2024-03-27,bithumb,0.06593198421662017,0.0017383660451915084,0.0640822198163995
2024-03-28,bithumb,0.05638347984253489,-0.0007710978897749188,0.057198683516467286
2024-03-29,bithumb,0.06308555497074941,0.0014414611118860332,0.061555364195148066
2024-03-30,bithumb,0.05836342583325238,-0.00021023585451784843,0.05858597856103587
2024-03-31,bithumb,0.05828546514761079,0.001120213757755284,0.05710128574397966
2024-04-01,bithumb,0.07090948165408295,0.0009626911856857046,0.06987951807228909
2024-04-02,bithumb,0.08652715417615853,0.002252696477157201,0.0840850396264532
2024-04-03,bithumb,0.07991835711565609,0.0015611448215009371,0.07823507601038182
2024-04-04,bithumb,0.07556493650270535,0.0004462334443360305,0.07508519753205589
2024-04-05,bithumb,0.07065488717047685,0.00010109619409104376,0.07054665897765755
2024-04-06,bithumb,0.06792396893564301,-0.0003788222124762042,0.06832867556817357
2024-04-07,bithumb,0.05952925233056483,6.84411146372188e-05,0.05945674193023698
2024-04-08,bithumb,0.04919920120081467,0.0005471170295578975,0.04862548034289094
2024-04-09,bithumb,0.05616151342457809,-7.853362151055698e-05,0.05624446412754658
2024-04-10,bithumb,0.06588965983619066,-4.280556188263063e-05,0.06593528779511515
2024-04-11,bithumb,0.05105803234363049,0.0005881766523776477,0.05044018795035887
2024-04-12,bithumb,0.04954651717023717,0.0012863143751644657,0.048198204751443985
2024-04-13,bithumb,0.07245614861185112,0.000915387469556217,0.0714753335176106
2024-04-14,bithumb,0.09643711074313188,0.0008738071865956876,0.09547987255771995
2024-04-15,bithumb,0.08283760777675453,0.001501737465341657,0.08121390834254805
2024-04-16,bithumb,0.08598326799088607,0.00183573588210173,0.08399334251606971
2024-04-17,bithumb,0.08523529458809631,0.004009272405708364,0.08090166536785293
2024-04-18,bithumb,0.07163843477988019,-0.00012930767976682134,0.07177702378005257
2024-04-19,bithumb,0.06204417663801576,9.402110881606696e-05,0.061944331454471424
2024-04-20,bithumb,0.06261895943877938,-0.0007317118589095228,0.0633970596780753
2024-04-21,bithumb,0.06091833580490569,0.0004023912803627905,0.06049160323086755
2024-04-22,bithumb,0.05098298745789975,0.00019995274712414357,0.050772882533433705
2024-04-23,bithumb,0.0480020648917856,0.00033066300573936225,0.04765564392758481
2024-04-24,bithumb,0.05707125795759471,0.002797530073262111,0.05412231906910203
2024-04-25,bithumb,0.051705929541634,-0.00021520843726385852,0.05193231425109146
2024-04-26,bithumb,0.0483115417013944,0.0017603898496090231,0.04646934768380495
2024-04-27,bithumb,0.0478836816374959,-3.82716032473196e-05,0.04792378736091929
2024-04-28,bithumb,0.04015098155107144,0.00021791239921542527,0.039924369136790094
2024-04-29,bithumb,0.03628067195241069,0.00022507604320431973,0.0360474824844812
2024-04-30,bithumb,0.03996383717111773,0.0007986252531413385,0.039133958550422454
2024-05-01,bithumb,0.02448682320016693,-6.192861543174999e-05,0.024550272179963084
2024-05-02,bithumb,0.025771644359972923,-0.0008243187420231557,0.026617904739746567
2024-05-03,bithumb,0.03348978499041877,-0.0002214928791054449,0.033718746331729
2024-05-04,bithumb,0.037798007595952976,0.0011041728758582892,0.03665336307078304
2024-05-05,bithumb,0.03149863184777146,-1.856674695144278e-05,0.031517783777438746
2024-05-06,bithumb,0.034733473340099685,4.403207155778688e-06,0.03472891721432725
2024-05-07,bithumb,0.03013207541094931,0.0002950356552964273,0.02982823936150636
2024-05-08,bithumb,0.03287214096559077,9.83134157210852e-05,0.03277060575968216
2024-05-09,bithumb,0.01903001922712466,-0.00013884059014179773,0.019171521602640018
2024-05-10,bithumb,0.028373041216355865,0.001122985469391491,0.027219488656718527
2024-05-11,bithumb,0.02759329377888342,-0.00034759642109294386,0.02795060573049568
2024-05-12,bithumb,0.02825874647801352,-0.00041118289251429463,0.028681722804272614
2024-05-13,bithumb,0.01885488609985253,-0.0009306184624735536,0.019803934469373008
2024-05-14,bithumb,0.022832020209904158,1.556021622173276e-05,0.022816104970155626
2024-05-15,bithumb,0.03026200553879943,-0.0004915357820268751,0.030768665220747726
2024-05-16,bithumb,0.03266157117909385,-0.0006584802362890052,0.03334200646768015
2024-05-17,bithumb,0.01997038509725746,-8.214410903240044e-05,0.020054176538754076
2024-05-18,bithumb,0.024193401733378028,-0.00028245931525039403,0.024482776436896225
2024-05-19,bithumb,0.02474591258740455,-0.00046327951706748305,0.02522087641991999
2024-05-20,bithumb,0.019453776570256043,-0.00044879173588763255,0.019911504424778848
2024-05-21,bithumb,0.0101574080226019,0.00028324773793642066,0.009871364243073222
2024-05-22,bithumb,0.008623106387634305,7.843902347692833e-05,0.008543997181361895
2024-05-23,bithumb,0.01882162867236037,0.0007369938505050744,0.018071316372818114
2024-05-24,bithumb,0.01731563720979068,0.0005211592334395387,0.01678572993820393
2024-05-25,bithumb,0.013372285920704607,-0.000484923003484905,0.013863931863668855
2024-05-26,bithumb,0.02170431764866021,0.006283197803862439,0.015324830900936393
2024-05-27,bithumb,0.007886304470974492,-0.0008569815011921778,0.008750785233232472
2024-05-28,bithumb,0.021425957624354952,-0.00018821098146670767,0.021618237395499618
2024-05-29,bithumb,0.01629502244601877,0.00022627706588829177,0.016065110214128264
2024-05-30,bithumb,0.01729265439630412,0.0004868038449301615,0.01679767337938709
2024-05-31,bithumb,0.010293099907917824,0.0004934734849366684,0.009794792952368514
2024-06-01,bithumb,0.009719077403729237,0.0006402728236398758,0.009072995387713556
2024-06-02,bithumb,0.008630718746047483,-0.0004382999482569483,0.009072995387713556
2024-06-03,bithumb,0.009569830566399817,-0.0013822964956037298,0.010967287104534318
2024-06-04,bithumb,0.004183430130109578,-0.0016501210102416453,0.0058431931160789485
2024-06-05,bithumb,0.0069387136982517195,7.520958606832551e-05,0.0068629879497006385
2024-06-06,bithumb,0.017270685901729088,0.0007437017755880238,0.01651470211285644
2024-06-07,upbit,0.019148938227008694,0.0003913263036063874,0.018750274447810966
2024-06-08,upbit,0.03280590135580996,0.00014551913150362417,0.03265563020536
2024-06-09,upbit,0.03191131981226891,-1.2064421923474455e-05,0.031923769376015265
2024-06-10,upbit,0.014901215800515955,-0.0005656753121491276,0.015475645303152596
2024-06-11,upbit,0.03036002921094738,0.00033634141552041363,0.03001359298107875
2024-06-12,upbit,0.016596750904751767,-0.000798510189545576,0.01740916248793556
2024-06-13,upbit,0.030709009979607016,0.0002602085493912387,0.030440880452870855
2024-06-14,upbit,0.03004948351470982,0.0009845213442172263,0.029036375239310797
2024-06-15,upbit,0.026286891954030667,-0.0005589177055577155,0.026860822648952842
2024-06-16,upbit,0.02669423838358087,0.0012519709769609477,0.0254104542553808
2024-06-17,upbit,0.018500291509832012,-0.0013922923087192896,0.019920318725099584
2024-06-18,upbit,0.023254060663467246,-6.321805400832936e-06,0.02326052951740909
2024-06-19,upbit,0.021422415351894264,-0.00038144230253434053,0.02181217774172972
2024-06-20,upbit,0.022494908175727968,0.00036855192955087546,0.02211820453921609
2024-06-21,upbit,0.017419537681731434,-0.00045910854660347056,0.017886858237823766
2024-06-22,upbit,0.019008140894097636,0.0011015788711674634,0.017886858237823766
2024-06-23,upbit,0.01687732019245969,0.0004242307381763233,0.0164461125078339
2024-06-24,upbit,0.015065245566287189,-0.0006391302740473837,0.01571441940151308
2024-06-25,upbit,0.01848184924104279,0.0012737647010665487,0.01718619337351135
2024-06-26,upbit,0.01860011266194772,0.0010467420014250717,0.017535016022755867
2024-06-27,upbit,0.016318404507807305,0.0009761138811223979,0.01532732940768966
2024-06-28,upbit,0.021379954334322715,-1.3814979436754804e-05,0.02139406487232587
2024-06-29,upbit,0.020918100074019286,-0.0011763961216124663,0.02212051868802445
2024-06-30,upbit,0.020271537831981545,-0.00038805309422484946,0.020667611056627067
2024-07-01,upbit,0.01501726309874285,-0.000876245647287277,0.01590744757772966
2024-07-02,upbit,0.014702866951369131,-4.5301939288644455e-05,0.014748837041578033
2024-07-03,upbit,0.021980746778543114,0.00020497326944557415,0.021771310972307445
2024-07-04,upbit,0.02876253929709338,-0.0002232964592423503,0.028992309636422853
2024-07-05,upbit,0.035937368458634156,0.00032113129112332217,0.035604803351040326
2024-07-06,upbit,0.03624465300491009,0.0006178511839645129,0.035604803351040326
2024-07-07,upbit,0.033136738011104505,0.001119656375971001,0.03198127359823766
2024-07-08,upbit,0.029556174339234076,0.0011239162757308296,0.028400338460870866
2024-07-09,upbit,0.022661406275125584,-0.00018405453926084725,0.022849666399207713
2024-07-10,upbit,0.0243926834884034,0.0015302658597364793,0.022827485506932144
2024-07-11,upbit,0.03190327988892938,0.0004134450040587101,0.03147682095050519
2024-07-12,upbit,0.02450786996085519,-0.0002868201496238898,0.024801803767546593
2024-07-13,upbit,0.020779392818481845,-0.000377786904465216,0.021165175649138
2024-07-14,upbit,0.021880154023366405,-1.2082728308437929e-05,0.02189250127281972
2024-07-15,upbit,0.015567749314914447,-0.0003560638647350789,0.01592948509367509
2024-07-16,upbit,0.00750410135597579,-0.0011574049126608088,0.008671542754821404
2024-07-17,upbit,0.013914545874426532,-0.0001281705859342841,0.014044516554276854
2024-07-18,upbit,0.01662480077964723,0.0006089833278200008,0.01600607002204013
2024-07-19,upbit,0.0050688993779437475,-0.0011930105745469044,0.006269389400341163
2024-07-20,upbit,0.01014328745360027,0.0009857117164138174,0.009148557896479614
2024-07-21,upbit,0.009620874591292905,-0.00024505711978806133,0.009868350020514116
2024-07-22,upbit,0.007223415843262027,-0.0001849679659066128,0.007409754376363598
2024-07-23,upbit,0.011273455328759674,0.0017173187458816574,0.00953975378487204
2024-07-24,upbit,0.013757470730553223,0.00026971039036149946,0.01348412353197026
2024-07-25,upbit,0.015714709928192905,0.00018919906245740137,0.015522574009286139
2024-07-26,upbit,0.010884446994865904,-0.0013111517978080522,0.012211610067167644
2024-07-27,upbit,0.010724509168391183,-4.0646726828796886e-05,0.010765593481357305
2024-07-28,upbit,0.01115347094383834,0.00038374620681835836,0.010765593481357305
2024-07-29,upbit,0.01157137262416752,0.001375950551945282,0.010181412951451918
2024-07-30,upbit,0.011549180093420874,-1.757070250807402e-05,0.011566954035437282
2024-07-31,upbit,0.01983138899288317,-0.0003973352655226581,0.020236765038815774
2024-08-01,upbit,0.0290670841514038,0.00019765956050865618,0.0288637194008039
2024-08-02,upbit,0.034968893021270375,0.0013637108863022718,0.0335594167929496
2024-08-03,upbit,0.03777660771296798,0.0012297835293504367,0.03650193470552754
2024-08-04,upbit,0.0395249785468792,7.747016069137302e-05,0.03944445261810525
2024-08-05,upbit,0.05525532212549811,0.0001743582568269897,0.05507136172204019
2024-08-06,upbit,0.032401498060350864,2.09728750544258e-05,0.03237984608683009
2024-08-07,upbit,0.03744624323811774,-0.0003729253486003392,0.03783327757494659
2024-08-08,upbit,0.021644796052417536,-0.00018224202102634646,0.021831016602030573
2024-08-09,upbit,0.03327690661074212,0.0007741834617436272,0.03247757954403796
2024-08-10,upbit,0.031212851304105893,0.00019578766139560777,0.031010992073094767
2024-08-11,upbit,0.02912102930361571,0.0010147210211368662,0.02807781713120816
2024-08-12,upbit,0.021045205600625838,-0.0009291458599076652,0.021994787826582263
2024-08-13,upbit,0.023485985446789925,-0.0004343441559380157,0.023930723772745965
2024-08-14,upbit,0.031789468128645026,0.00031177083559286167,0.0314678865237763
2024-08-15,upbit,0.025341070456746495,0.0005405874426209767,0.02478708342808522
2024-08-16,upbit,0.0362506620812022,0.001024052555674393,0.035190572529793185
2024-08-17,upbit,0.028835736499523312,0.0010009995479627332,0.027806902254972954
2024-08-18,upbit,0.027181884279726454,0.00011036172207368189,0.027068535227490864
2024-08-19,upbit,0.0341771602462142,0.0005870260856428722,0.033570427443955664
2024-08-20,upbit,0.03009006237351164,0.0013528053049602917,0.028698433675231616
2024-08-21,upbit,0.023115236542217144,0.00041768004825248894,0.022688080135558675
2024-08-22,upbit,0.013654843573325026,0.00041998202277548913,0.01322930548007406
2024-08-23,upbit,0.01716494635492616,-0.0004829783990040193,0.01765645243906122
2024-08-24,upbit,0.006381829897169844,2.4148277160795928e-05,0.006357528096658571
2024-08-25,upbit,0.008629501932136296,1.208482825010293e-05,0.008617312965139012
2024-08-26,upbit,0.008650305380478507,1.6559856064857215e-05,0.008633602553197894
2024-08-27,upbit,0.014091531329369467,-0.0002559858916608704,0.014351190923435286
2024-08-28,upbit,0.02316949089069542,0.0022632030540805648,0.020859079504175426
2024-08-29,upbit,0.015400632670311332,-0.0003444562235711546,0.015750514256542614
2024-08-30,upbit,0.02518966323142391,0.00047727543987008403,0.02470059880239517
2024-08-31,upbit,0.01749606324466102,0.00027574723684109514,0.017215568862275488
2024-09-01,upbit,0.01958252620615486,-0.0006146331537617566,0.02020958083832336
2024-09-02,upbit,0.017456872699608494,0.00023721996076320195,0.017215568862275488
2024-09-03,upbit,0.017967848855623858,0.0006332679517802031,0.017323610416557944
2024-09-04,upbit,0.014563761266060293,0.00029552311905156614,0.01426402279850092
2024-09-05,upbit,0.02020704677949947,0.0022952438831351785,0.017870785086208096
2024-09-06,upbit,0.017609318562359144,0.0008839577447508074,0.016710589362721517
2024-09-07,upbit,0.01886670697250814,0.0006469729184115369,0.018207954000958315
2024-09-08,upbit,0.018022202357345307,0.0005532709673721214,0.017459271681839805
2024-09-09,upbit,0.013682660953483694,0.00038552957744686367,0.013292006914227716
2024-09-10,upbit,0.01100025889277112,0.0008753557841840731,0.010116047967485775
2024-09-11,upbit,0.009260220362905969,3.0737740635000677e-06,0.009257118134552655
2024-09-12,upbit,0.007067824401076672,0.000615130563247579,0.006448727028739665
2024-09-13,upbit,0.008151686342471764,-0.0014189936008984771,0.009584279975324517
2024-09-14,upbit,0.011976617626907604,0.00013385780426999894,0.011841174788980391
2024-09-15,upbit,0.009956839088428815,-0.0003758541126693826,0.010336578246543215
2024-09-16,upbit,0.02252831616477846,0.00025234744003310716,0.02227034885922219
2024-09-17,upbit,0.011728565362553844,-0.001240572622966174,0.012985247127609068
2024-09-18,upbit,0.02041920204752512,0.0008800639935042653,0.019521957482158347
2024-09-19,upbit,0.006579101233486595,-0.00013142610806993194,0.006711409395973256
2024-09-20,upbit,0.0030637789858165565,0.0005579951250742621,0.0025043864253257997
2024-09-21,upbit,0.002283728268136942,-0.00022010692439522472,0.0025043864253257997
2024-09-22,upbit,0.0021586994192965836,0.00040342145773886173,0.0017545701303181005
2024-09-23,upbit,0.0036519272265598257,0.0007414866603123738,0.00290828411237376
2024-09-24,upbit,0.005335695607345814,-0.0006752801511433759,0.006015037593984918
2024-09-25,upbit,0.0008250774193581112,0.00165034547420162,-0.0008239083214739429
2024-09-26,upbit,0.004293004966030356,0.00032148262821030116,0.003970245972710229
2024-09-27,upbit,0.006834995015358114,0.00028827581408230607,0.006544832484363328
2024-09-28,upbit,0.004182114856264629,-7.134094582605943e-05,0.004253759269300383
2024-09-29,upbit,0.001593821143652363,-0.00036814236270366063,0.001962686054237217
2024-09-30,upbit,0.002818390901976775,0.0020106496448673017,0.0008061204313505321
2024-10-01,upbit,0.004573579728798904,0.0006278505443111371,0.003943253410687575
2024-10-02,upbit,0.012433165582480088,-0.0007761005883383243,0.013219525852610214
2024-10-03,upbit,0.015846406701116367,0.0005487786592011101,0.015289237634585673
2024-10-04,upbit,0.0029880659817416166,-0.0009083278344059753,0.003899936236783974
2024-10-05,upbit,0.0023732256996571444,-4.37393268081232e-05,0.0024170707475124065
2024-10-06,upbit,-0.0022813509236374596,-0.0002503337628133595,-0.002031525720301963
2024-10-07,upbit,-0.0018570570286181587,-0.0005554548302575402,-0.0013023255813953138
2024-10-08,upbit,0.005589798431944848,1.2265650390919092e-05,0.005577464370325913
2024-10-09,upbit,0.0038885553927379135,-0.0005368704875436947,0.00442780303705681
2024-10-10,upbit,0.005523598760072801,0.0001701851967184087,0.005352502646638557
2024-10-11,upbit,0.00016741488874982835,-0.000786886860663194,0.0009550532682811586
2024-10-12,upbit,-0.004037786904930729,-0.0005526591013066406,-0.0034870549562823205
2024-10-13,upbit,0.0012521593416063848,-0.0004424950892082391,0.0016954046390416089
2024-10-14,upbit,-0.007522290255059572,-0.0010807993073110866,-0.006448460439324566
2024-10-15,upbit,-0.008690145842855435,-0.0005122056132133013,-0.008182131163151918
2024-10-16,upbit,-0.007172772608261213,-0.0007541995367100762,-0.00642341761013665
2024-10-17,upbit,-0.0078038731821622465,-0.00045535227229909214,-0.007351868599935751
2024-10-18,upbit,-0.005771751268523917,0.0005471865356843075,-0.00631548205746002
2024-10-19,upbit,-0.0040773338327304565,-0.0006846302446880115,-0.003395027926842653
2024-10-20,upbit,-0.004187383578072024,0.0006711299209785082,-0.004855254992151337
2024-10-21,upbit,-0.0076631170010676986,-0.0003130103585481381,-0.007352408022390788
2024-10-22,upbit,-0.0033842931556359312,-0.0003255889499026443,-0.003059700410376953
2024-10-23,upbit,0.0028966955283828977,-0.000279867598146466,0.0031774523924987808
2024-10-24,upbit,0.00034697703110819766,-0.0010191037395483882,0.0013674743688998348
2024-10-25,upbit,0.002428074928191082,0.000440502021005873,0.001986697762805578
2024-10-26,upbit,0.010370192048337668,0.000460930578212837,0.009904696092827736
2024-10-27,upbit,0.005878739305055447,-0.0004241918511049825,0.006305605942817705
2024-10-28,upbit,0.009140771694722938,0.0008841653808571159,0.008249312557286892
2024-10-29,upbit,0.004056413672157477,-0.00013921111119874485,0.004196208942266022
2024-10-30,upbit,0.008757955329936395,-0.0003723557107564446,0.00913371203052793
2024-10-31,upbit,0.014267574258521432,0.00016076039463941427,0.01410454641143466
2024-11-01,upbit,0.01457462041564117,-0.0007020575240938021,0.015287410581357408
2024-11-02,upbit,0.018095843244758214,0.0006188946151817198,0.0174661389302444
2024-11-03,upbit,0.014514728313178571,-4.5772977214530997e-05,0.014561167798395003
2024-11-04,upbit,0.012857186849455804,0.0006112195687975053,0.012238486877985899
2024-11-05,upbit,0.006789802620877694,-0.00026496908957351906,0.007056641502325656
2024-11-06,upbit,-0.014703148577636771,-0.001161559700014525,-0.013557336533379094
2024-11-07,upbit,-0.008482200808671458,-0.0007896391351782661,-0.007698640821573566
2024-11-08,upbit,-0.001421474828325553,-0.00021172736772323564,-0.0012100036514903767
2024-11-09,upbit,-0.0005382829085803786,-4.427962434461197e-05,-0.0004940251594842682
2024-11-10,upbit,-0.013743452572104187,-0.0003667218961772578,-0.013381638015594
2024-11-11,upbit,0.0004056247746517805,0.00161758571075854,-0.0012100036514903767
2024-11-12,upbit,0.00919490074275875,-0.0012445574012562854,0.010452466838980934
2024-11-13,upbit,0.0001886116708844643,-0.001063402522956669,0.0012533470062097152
2024-11-14,upbit,0.014915412245912307,0.0004869239888956045,0.014421466099217906
2024-11-15,upbit,0.014966108667189726,-0.001173281990349162,0.016158348957364232
2024-11-16,upbit,0.0019117289932302217,0.0007801918010865716,0.0011306550643328528
2024-11-17,upbit,0.004087787869565762,0.0008076722715326667,0.0032774684776228913
2024-11-18,upbit,0.0026165553301145117,-5.1351383639430814e-05,0.002668043721490765
2024-11-19,upbit,0.0041059476641176484,-0.001036509224990656,0.005147792623651171
2024-11-20,upbit,0.0054313740767319985,-0.0006312057286027573,0.006066408957420721
2024-11-21,upbit,0.0009306537586768471,0.00021672319251497818,0.0007137758743753775
2024-11-22,upbit,-0.012386747681691346,-0.001380899279956993,-0.011021067385751593
2024-11-23,upbit,-0.011656778850749117,-0.0013612409108116896,-0.010309571750777291
2024-11-24,upbit,-0.0168999620684942,-0.0016349188494565459,-0.015290041195597293
2024-11-25,upbit,-0.007513190191822949,0.0003624425507553486,-0.007872779312363076
2024-11-26,upbit,-0.0014616967826353022,0.0004651812917224607,-0.0019259821434964852
2024-11-27,upbit,-0.004718101328665458,-0.000305804680403976,-0.004413646361976609
2024-11-28,upbit,0.007081869034302413,-5.802078244299125e-06,0.007087712236007793
2024-11-29,upbit,-0.007303698833419525,-0.00015370889206822724,-0.007151089127338084
2024-11-30,upbit,-0.006970099350595893,-0.001257853917774554,-0.005719439652395519
2024-12-01,upbit,-0.007016511132315828,0.00013554730588749564,-0.007151089127338084
2024-12-02,upbit,-0.007697974550526343,-0.000497387503389124,-0.0072041703114221756
2024-12-03,upbit,-0.023333424623878884,-0.002493679313814945,-0.02089184286644763
2024-12-04,upbit,-0.00047247450884790876,0.00034924904152044967,-0.0008214366644007098
2024-12-05,upbit,-0.007626259027273541,5.845720175390312e-05,-0.00768426702827929
2024-12-06,upbit,-0.01919701822241271,-0.0020785684689269557,-0.017154105736783
2024-12-07,upbit,-0.02276406553997823,1.4671349593431415e-05,-0.02277840269966258
2024-12-08,upbit,-0.014657514733758759,0.0003933983174173594,-0.015044994375703058
2024-12-09,upbit,-0.011234110067362635,0.0006968583851152399,-0.011922660046851496
2024-12-10,upbit,0.0016472301073111595,0.0006693318352399835,0.000977244171436631
2024-12-11,upbit,-0.007202488589682532,-0.00125968658476161,-0.005950297514875746
2024-12-12,upbit,-0.005754271052988091,0.0001720212230014173,-0.00592527300328094
2024-12-13,upbit,-0.007719941123078722,-0.0008819129278707649,-0.006844064063784905
2024-12-14,upbit,-0.0002848358478036994,-0.0004102356593351786,0.00012545127611840456
2024-12-15,upbit,-0.0009853220991807854,0.0002834892851730775,-0.0012684517918623017
2024-12-16,upbit,-0.001401846071619195,-0.00010839720928856877,-0.0012935890837771913
2024-12-17,upbit,0.011849130253783757,0.0001219868584130257,0.011725713012477712
2024-12-18,upbit,0.027676533493211863,-4.570154763661183e-05,0.027723502047798165
2024-12-19,upbit,0.03315110633345064,-1.0114962853968734e-06,0.03315215136301397
2024-12-20,upbit,0.04630137762300057,0.00026688683254572076,0.04602220806911639
2024-12-21,upbit,0.04775685716518696,-0.0003264628056434127,0.04809902251266851
2024-12-22,upbit,0.0487308194735947,-5.7661157757737946e-05,0.048791293993852625
2024-12-23,upbit,0.044765691327316226,0.0018157463945474017,0.04287210007163722
2024-12-24,upbit,0.025117891019282856,-0.0013597529038354983,0.02651369599824349
2024-12-25,upbit,0.030253460357151374,-0.0003660566004674015,0.03063072953834345
2024-12-26,upbit,0.02504087687167078,-0.0003910343192846666,0.025441859831295988
2024-12-27,upbit,0.027216441829531757,0.0016041485849760395,0.025571273122959592
2024-12-28,upbit,0.01816407450048141,-0.0005951567786995904,0.018770402611534287
2024-12-29,upbit,0.016950934701456033,-0.0004514342346115807,0.017410228509249226
2024-12-30,upbit,0.010012446933648667,4.137583681873558e-05,0.009970658552488576
2024-12-31,upbit,0.003600205013465141,0.0014723828367315672,0.0021246938140284666
2025-01-01,upbit,0.010977347858941,-0.0006133890924318042,0.011597850946639232
2025-01-02,upbit,0.0068676710214223835,0.0004269790367508186,0.006437943117920231
2025-01-03,upbit,0.004196578302511522,0.00011447839071276888,0.004081632653061273
2025-01-04,upbit,0.006797095356750882,-5.5877199839349245e-06,0.006802721088435382
2025-01-05,upbit,0.0021740087738704172,0.0001329211796263774,0.0020408163265306367
2025-01-06,upbit,0.0013441322845848536,-0.0007502717104874712,0.0020959765469812375
2025-01-07,upbit,0.02214715863506389,0.00039553648567358657,0.02174302199088407
2025-01-08,upbit,0.02893511805954274,-0.0006048355959924478,0.029557831284036107
2025-01-09,upbit,0.029921268950098057,0.000593883681792029,0.02930997855033124
2025-01-10,upbit,0.02718019207984579,-0.0003922009228788381,0.027583211163598964
2025-01-11,upbit,0.019135979152705485,0.0010361241629532891,0.018081120703697717
2025-01-12,upbit,0.019122694432010423,0.0010230753788977864,0.018081120703697717
2025-01-13,upbit,0.03887196540897042,0.0012418658997739307,0.03758342593413189
2025-01-14,upbit,0.021701266917696804,0.00011602888422435065,0.021582733812949728
2025-01-15,upbit,0.01102690980015053,-0.0009764626024970635,0.012015104703055224
2025-01-16,upbit,0.007408608672499817,0.0006467391572626546,0.006757499175914727
2025-01-17,upbit,0.01020870332649948,-0.0007369388358161588,0.010953714379838608
2025-01-18,upbit,0.027699791883485148,-0.0010675752061952704,0.028798111239224822
2025-01-19,upbit,0.027165383900104256,-0.0002531389727401523,0.027425465326964327
2025-01-20,upbit,0.02349066276375189,0.0008502250156354751,0.022621204634052594
2025-01-21,upbit,0.037325698821833564,0.0005801090470360926,0.036724285684426095
2025-01-22,upbit,0.040383815442164295,0.0011741760706407423,0.039163654345751864
2025-01-23,upbit,0.03865996444509823,-0.00017476482955713912,0.03884151740582453
2025-01-24,upbit,0.04182550726533929,-0.0007075434775803968,0.04256316603343202
2025-01-25,upbit,0.05032676681061887,0.0007303368818214473,0.049560234261844194
2025-01-26,upbit,0.050846921637913045,-0.0001072603214004042,0.05095964790752672
2025-01-27,upbit,0.07195044492618252,-3.4440803460267233e-06,0.07195413682235685
2025-01-28,upbit,0.05058633967915238,0.001706719471799234,0.04879633854620358
2025-01-29,upbit,0.06479991137460694,-0.0017673912773231715,0.06668516142455871
2025-01-30,upbit,0.04854673342764615,0.001438514622525977,0.04704055028568255
2025-01-31,upbit,0.040056942689346675,0.0007261328248402421,0.03930227119530083
2025-02-01,upbit,0.060098567723753105,-0.0011439379968531949,0.061312643583288695
2025-02-02,upbit,0.08697128940070487,-0.0010720108671878892,0.08813778493114888
2025-02-03,upbit,0.0818993770812162,-7.451689763171565e-05,0.08198000287433005
2025-02-04,upbit,0.07818948849660279,0.0009433855395653001,0.07717329878292523
2025-02-05,upbit,0.08431692568229532,-8.820910247897551e-06,0.08432649042894691
2025-02-06,upbit,0.07820805476374715,-0.0004990610852786403,0.07874641512041736
2025-02-07,upbit,0.06005770745740402,0.00018955542624388144,0.05985680584881381
2025-02-08,upbit,0.0626147042115095,6.408726477946658e-06,0.06260789424816182
2025-02-09,upbit,0.053043646120439325,6.13129652091704e-05,0.05297908485044389
2025-02-10,upbit,0.043338042993879,-7.694822713455451e-05,0.04341833218470015
2025-02-11,upbit,0.04560190365078398,0.0010139094865326825,0.04454283176456819
2025-02-12,upbit,0.04128312448732774,-0.00033381201381377235,0.041630833373466514
2025-02-13,upbit,0.048224202736384614,-0.00017929456202259164,0.04841217733853975
2025-02-14,upbit,0.042193911915827,-0.0015671378386691304,0.04382973699379811
2025-02-15,upbit,0.047776674558021925,-0.000209969563054746,0.04799672197181715
2025-02-16,upbit,0.04750701787943101,0.00019554374961128218,0.0473022244754806
2025-02-17,upbit,0.051099056287575495,0.0009702514271938689,0.05008021446082678
2025-02-18,upbit,0.050988577679584646,0.0007901358191373387,0.050158809588346065
2025-02-19,upbit,0.034667295717864643,-0.0006584094053714296,0.03534897922362701
2025-02-20,upbit,0.03330302807763008,-0.0003437711306428781,0.03365836998417793
2025-02-21,upbit,0.027473964638601522,-0.0003668156515381771,0.02785099647155631
2025-02-22,upbit,0.02764931840507301,0.00048254008959891515,0.027153675578427627
2025-02-23,upbit,0.024753795671276668,0.001743986516939966,0.022969750219656193
2025-02-24,upbit,0.017778153831434995,-0.0005572314535914336,0.01834560803485874
2025-02-25,upbit,0.011808095532394036,-0.00019274342288677637,0.012003152483976098
2025-02-26,upbit,0.015823886141371313,-8.32461416115926e-05,0.015908456600614018
2025-02-27,upbit,0.011891855742784507,0.000383659432594996,0.011503782775417193
2025-02-28,upbit,0.013388591808662698,-0.00028770047835624535,0.013680228095185987
2025-03-01,upbit,0.020017996873664456,0.0001660337087037167,0.019848667617063276
2025-03-02,upbit,0.02460876702393122,0.003992730314705595,0.020534049786160802
2025-03-03,upbit,0.037123295692024216,0.0016974197231274246,0.03536584528558384
2025-03-04,upbit,0.036310162980728755,0.0009383578151480609,0.035338644871988345
2025-03-05,upbit,0.037142717463571895,0.0005934757713810246,0.036527563468284896
2025-03-06,upbit,0.028856911137616903,7.102872123465609e-05,0.028783837937181422
2025-03-07,upbit,0.03286227254214702,0.0006198473230838442,0.032222452218312325
2025-03-08,upbit,0.03000753163435066,-0.00014071292855688533,0.030152487407714146
2025-03-09,upbit,0.030708493871991704,-0.000129973113335069,0.03084247567791354
2025-03-10,upbit,0.025015822907987095,0.0007919235006577097,0.024204731111934885
2025-03-11,upbit,0.02257672291650903,0.0005896018641695644,0.021974165043666227
2025-03-12,upbit,0.025185619386312252,0.00017605084886396227,0.02500516635668526
2025-03-13,upbit,0.02003988061358597,0.0013036120040688104,0.01871187558388754
2025-03-14,upbit,0.014375993847099533,-0.0009291093436464282,0.015319336529453942
2025-03-15,upbit,0.013653079417046854,-0.001641116299530565,0.015319336529453942
2025-03-16,upbit,0.015295333754660412,-2.3640616237496914e-05,0.015319336529453942
2025-03-17,upbit,0.013862013966613462,-0.00017980191282851443,0.014044341078832456
2025-03-18,upbit,0.014705717929230477,0.00042263200837888704,0.01427705198169904
2025-03-19,upbit,0.003588362468005757,0.0002704322989737218,0.0033170331361351835
2025-03-20,upbit,0.007191614763849774,0.0008975195679998826,0.006288451187856481
2025-03-21,upbit,0.010494335741341176,0.0005940840116944734,0.009894373640461307
2025-03-22,upbit,0.007295468717456899,0.0008053739291755679,0.006484872041405021
2025-03-23,upbit,0.007729021279021753,-0.00011871961064091607,0.007848672681027402
2025-03-24,upbit,0.005613258773844665,-0.000579847271042877,0.00619669918399901
2025-03-25,upbit,0.007016618049635603,0.00040785814270649645,0.006606065569295438
2025-03-26,upbit,0.008903968011245711,0.0012271539157930889,0.007667405009371242
2025-03-27,upbit,0.007647256294934346,-0.00061326660558636,0.008265591912015813
2025-03-28,upbit,0.013475286744015769,0.00033449196124157865,0.013136400762319589
2025-03-29,upbit,0.014973311554103308,-0.0005370044669649188,0.015518649605227308
2025-03-30,upbit,0.0184515369593512,0.0015455141236138115,0.016879934658317497
2025-03-31,upbit,0.010350045219962523,-0.000871548843647485,0.011231382762268982
2025-04-01,upbit,0.007244747405352969,-0.0009055809620538424,0.008157715839564927
2025-04-02,upbit,0.011376734765369267,-0.0008827913303678381,0.01227035826163081
2025-04-03,upbit,0.02505735907413431,0.0009403919252679582,0.024094309055185947
2025-04-04,upbit,0.014305873760721788,-0.0002606284425761274,0.014570299637800543
2025-04-05,upbit,0.015447047967631633,0.00018789773330718518,0.01525628361321485
2025-04-06,upbit,0.01476953860465069,0.0005346246846908986,0.01422730765009339
2025-04-07,upbit,0.014042669837985189,0.0005810832544983491,0.013453768823713519
2025-04-08,upbit,0.013690377173589674,0.0011386346483464038,0.012537466930993224
2025-04-09,upbit,0.01671868300425894,0.00024879117870568734,0.016465795280937057
2025-04-10,upbit,0.024777111461943946,0.0008794472397708475,0.0238766659542049
2025-04-11,upbit,0.028962683448074955,-0.0007652528067800812,0.029750703063878392
2025-04-12,upbit,0.01991502137522594,0.00037693271825567365,0.01953072688699531
2025-04-13,upbit,0.023182780803037595,-0.000563512856769921,0.023759682546395267
2025-04-14,upbit,0.02222565406611432,0.0011547858508031972,0.021046563941063967
2025-04-15,upbit,0.01849322992802027,3.632474996462243e-05,0.018456234759942847
2025-04-16,upbit,0.022757873114908067,-0.0017601018295569926,0.024561205166614863
2025-04-17,upbit,0.021867405006700036,-0.00029952868394622634,0.0221735753124781
2025-04-18,upbit,0.018255606300412452,0.00032896688238381877,0.0179207440867164
2025-04-19,upbit,0.014424096265200914,1.562104747288018e-05,0.01440825014576852
2025-04-20,upbit,0.016518053450863768,2.269458721615436e-06,0.01651574651033716
2025-04-21,upbit,0.009535511569680466,4.559616106170061e-05,0.009489482724636122
2025-04-22,upbit,0.006939096512182941,-7.790067605517592e-05,0.007017543859649145
2025-04-23,upbit,0.004144282416915335,-0.0008449062019321163,0.004993407579880316
2025-04-24,upbit,0.0021234418095834595,-0.0003391378977524173,0.002463415144769332
2025-04-25,upbit,0.0021787859780846297,0.00024871529916614676,0.0019295907601755147
2025-04-26,upbit,0.0009972070314008263,0.001150084077945035,-0.00015270142706425016
2025-04-27,upbit,0.002489822331558589,0.001252781164314154,0.0012354933644289634
2025-04-28,upbit,0.006121293412307605,0.000763209792957964,0.0053539973961054255
2025-04-29,upbit,0.007132668169264944,0.00015537596745418547,0.006976208266701978
2025-04-30,upbit,0.012889661150545573,3.914966004847642e-05,0.012850008417035985
2025-05-01,upbit,0.002220660173592348,0.00018908479857904226,0.0020311913076143107
2025-05-02,upbit,0.019292610451813186,0.0009675253316512311,0.01830737227373125
2025-05-03,upbit,0.02231533370528105,-0.0006242507568269273,0.022953913459957453
2025-05-04,upbit,0.025933085001898393,0.00046534212499538263,0.025455897175617803
2025-05-05,upbit,0.0361823058921944,-9.49819961997278e-05,0.036280733904924034
2025-05-06,upbit,0.03299094386863555,-0.0013453995446182088,0.03438260174999086
2025-05-07,upbit,0.01983244711769161,0.0010324328950848116,0.018780624488095032
2025-05-08,upbit,0.0026583079499618023,-0.00046787810962667375,0.003127649418285694
2025-05-09,upbit,0.002619362194779873,0.0001235408152793216,0.0024955130817798654
2025-05-10,upbit,-0.0015155319017793323,-7.840065875941438e-05,-0.001437243923890441
2025-05-11,upbit,0.000996764154379992,0.0002886635495120693,0.0007078962610207462
2025-05-12,upbit,-0.009349702282859695,-0.0007013357563643297,-0.008654436192048087
2025-05-13,upbit,-0.0066031308231015995,-0.001217244182985855,-0.005392450569203233
2025-05-14,upbit,0.005491589206120029,0.00036401118719542325,0.005125712202340482
2025-05-15,upbit,0.011875542839328013,-0.0026460843093182307,0.014560154545129267
2025-05-16,upbit,0.005503194371559328,-0.0011336257203224953,0.006644352300544387
2025-05-17,upbit,0.013790832965459687,0.0007140382126611389,0.013067464084099978
2025-05-18,upbit,0.008828047440026188,0.00039615838109718915,0.008428550018198866
2025-05-19,upbit,0.019300923999660657,0.0001971356572783023,0.019100023046785042
2025-05-20,upbit,0.015543359131259038,1.2363872177401092e-05,0.01553080323821554
2025-05-21,upbit,0.014676937390108558,-0.0001641706883845906,0.014843544953486276
2025-05-22,upbit,0.004475414427520086,-0.0005523883310478706,0.005030581593138184
2025-05-23,upbit,0.018913996986445136,0.0006101966233145184,0.018292638257034755
2025-05-24,upbit,0.021539053658231166,0.0003095081887340978,0.021222976784393
2025-05-25,upbit,0.028884201602832782,0.001039060380552348,0.027816238470949273
2025-05-26,upbit,0.01659019828746766,-0.0002333441150272897,0.01682746899335541
2025-05-27,upbit,0.00715161890973981,-0.000584525873086772,0.007740669404368239
2025-05-28,upbit,0.016092483649793543,-0.0005576185867577355,0.016659391823075964
2025-05-29,upbit,0.01586780617275907,0.00037089958182479066,0.015491160925824587
2025-05-30,upbit,0.015438142059243765,0.00032245445241319004,0.01511081505723566
2025-05-31,upbit,0.028146158826098278,2.4678447108072987e-06,0.0281436215273001
2025-06-01,upbit,0.024213171416339385,5.057436426225692e-05,0.024161375105891558
2025-06-02,upbit,0.022005736302585843,0.0005043638418245067,0.02149053341276641
2025-06-03,upbit,0.011966290597429818,-3.947435553619538e-05,0.012006238891508536
2025-06-04,upbit,0.017399386158508445,0.00028507864648008585,0.01710942997888809
2025-06-05,upbit,0.022290113107963805,0.000862617090978901,0.021409028223338344
2025-06-06,upbit,0.019503163879425855,-0.0008575189035263664,0.020378157438174505
2025-06-07,upbit,0.019677149907599834,0.00039410997209499143,0.019275443291087102
2025-06-08,upbit,0.014783918248195915,-0.0008032802644547532,0.015599729467462575
2025-06-09,upbit,0.014792483146128799,2.448490048956309e-05,0.014767636661525252
2025-06-10,upbit,0.004621302119221404,-9.471491037749136e-05,0.004716463749040223
2025-06-11,upbit,0.004080839041577189,0.00027213050760810376,0.003807672350159663
2025-06-12,upbit,0.014667504086416372,-9.73270845612273e-05,0.014766268328824106
2025-06-13,upbit,0.017302374671404497,3.3511170500544196e-05,0.017268284820466828
2025-06-14,upbit,0.01711353366925583,-0.0008716980847949252,0.018000923124262824
2025-06-15,upbit,0.01513337330533071,0.00042310124595323906,0.01470405075718162
2025-06-16,upbit,0.011302145076725889,-0.00044177135135836654,0.011749106846893342
2025-06-17,upbit,0.011486434597797635,0.0007434992527191042,0.010734953914864676
2025-06-18,upbit,0.011213510668086402,0.0003577289998470956,0.010851899629038542
2025-06-19,upbit,0.013936339650153284,0.0012466290013468662,0.01267391098381343
2025-06-20,upbit,0.012458715193562675,0.0007554653708354842,0.011694415097089017
2025-06-21,upbit,0.014133626298956647,-0.00010941421407839602,0.01424459907464759
2025-06-22,upbit,0.01712911829011121,0.0006873536897944454,0.016430471055411733
2025-06-23,upbit,0.01160793576118535,0.0011877223069234333,0.010407851816492064
2025-06-24,upbit,0.013266055560353651,-0.0003422362929068612,0.013612950699043447
2025-06-25,upbit,0.00966915454990347,-0.0004789009787484755,0.010152917770909653
2025-06-26,upbit,0.013207380199169672,3.2364683802521554e-05,0.013174589123956082
2025-06-27,upbit,0.009427141660388827,-0.0003291847160666883,0.009759539067552447
2025-06-28,upbit,0.007732906180143662,-0.0005522448269350555,0.008289728967017407
2025-06-29,upbit,0.007962431794734659,0.00040455156216734345,0.0075548239167499975
2025-06-30,upbit,0.00832941500479345,0.00020070590618370687,0.00812707794606582
2025-07-01,upbit,0.010469606587968805,0.0012975949820188681,0.0091601254731013
2025-07-02,upbit,0.0030686013809821944,-0.0014205537682649982,0.004495541307391715
2025-07-03,upbit,-0.0023120053353610226,-0.0011042392376376942,-0.0012091012347489327
2025-07-04,upbit,0.0026846736803896043,0.0005949835012386551,0.0020884475872933184
2025-07-05,upbit,0.0028797396800170905,5.833887784856273e-05,0.0028212362144139913
2025-07-06,upbit,-0.002042539337110849,-0.00010084530571818906,-0.0019418898618693836
2025-07-07,upbit,-0.0043725866960773185,0.0015507199860833598,-0.005914135514018648
2025-07-08,upbit,-0.004785858059462522,-0.00024130171426750557,-0.004545653219109269
2025-07-09,upbit,-0.009224240424751229,-0.00010546756231177845,-0.009119734698626925
2025-07-10,upbit,-0.010064734929432606,-0.0010673071344857732,-0.00900704107414596
2025-07-11,upbit,-0.019767570015659874,-0.0009764525916546862,-0.0188094839933981
2025-07-12,upbit,-0.009952080882004055,0.00013382777621595565,-0.010084559064106324
2025-07-13,upbit,-0.014233940685147606,-0.00015260693225027655,-0.014083482990031704
2025-07-14,upbit,-0.013985469583871368,0.0008626640569764366,-0.014835335729940446
2025-07-15,upbit,-0.008437482825379927,0.0008748966619651632,-0.009304239239492196
2025-07-16,upbit,-0.01637343222563814,0.0004147535819329917,-0.01678122573408869
2025-07-17,upbit,-0.021779113550574603,-0.00018781639485043744,-0.021595353117092264
2025-07-18,upbit,-0.01719716970808194,-0.0004528552110090178,-0.01675190068259136
2025-07-19,upbit,-0.013287900949326525,0.0005951598753908272,-0.013874803098634092
2025-07-20,upbit,-0.020730434418221644,-0.0007569289301353477,-0.019988635464543325
2025-07-21,upbit,-0.01619483227801688,0.0006269320772884779,-0.016811224859182516
2025-07-22,upbit,-0.016315986309418107,-0.00033971339857730154,-0.015981702109179263
2025-07-23,upbit,-0.009677846141221691,-0.0006828437459378556,-0.009001148773429946
2025-07-24,upbit,-0.009811747733029064,-0.0010683636070513147,-0.008752735229759279
2025-07-25,upbit,-0.005550401738952049,0.0009055592628590681,-0.0064501200358662025
2025-07-26,upbit,-0.014540969509726831,-0.0005053154047607311,-0.014042750122928327
2025-07-27,upbit,-0.012894276211639855,-0.001033115593560896,-0.011873427240910561
2025-07-28,upbit,-0.012584931855355364,0.0001747331259227547,-0.012757435834635955
2025-07-29,upbit,-0.005610535596463073,0.0005990020864621304,-0.0062058203835672066
2025-07-30,upbit,-0.006890435112740123,-6.216855417573441e-06,-0.006884261055778218
2025-07-31,upbit,-0.007155348355762481,0.00014413721440709182,-0.007298433594281617
2025-08-01,upbit,-0.000629860242618463,0.0010573880452835471,-0.001685466096201127
2025-08-02,upbit,0.011258230344509457,-0.0007329170701095844,0.011999942377227457
2025-08-03,upbit,0.007168007908840535,-0.0005063387418445808,0.007678234438249998
2025-08-04,upbit,0.00813536860572639,-1.1981653084358612e-05,0.008147447878704694
2025-08-05,upbit,0.011795736744084184,0.0007107278165598974,0.011077136098771145
2025-08-06,upbit,0.00651624304622378,-0.0002420008812601404,0.006759879824358661
2025-08-07,upbit,-0.0017801092424898357,-0.0003015320921625486,-0.0014790231232638673
2025-08-08,upbit,-0.006314958368700996,0.0013952881472198975,-0.007699503489961845
2025-08-09,upbit,-0.011551356958735659,-0.0009839423749490317,-0.010577822551629867
2025-08-10,upbit,-0.014033701048798308,-0.0013138734311334277,-0.012736561847880856
2025-08-11,upbit,-0.013186854866059083,0.00027229967528752397,-0.013455490615621013
2025-08-12,upbit,-0.0090167409540296,-6.685573030762448e-05,-0.008950483614840521
2025-08-13,upbit,-0.008171187551856862,0.00046287453163484926,-0.008630067445065004
2025-08-14,upbit,-0.003115582463025457,0.0009079438142538532,-0.004019876455317428
2025-08-15,upbit,0.004621698603136659,0.00020395756121582842,0.004416840193966376
2025-08-16,upbit,-0.0006365518823482352,-9.698097299781772e-06,-0.0006268598643964785
2025-08-17,upbit,-0.003840697912179891,0.0003904562869918582,-0.004229502763226978
2025-08-18,upbit,0.0034066500686364964,4.754447286070551e-05,0.003358945896463794
2025-08-19,upbit,0.00355949935224098,-3.603809381913514e-06,0.0035631160024136577
2025-08-20,upbit,-0.0006993535299356646,0.0012347767535547671,-0.0019317450096587585
2025-08-21,upbit,-0.00012623949576229254,0.0012164481254863801,-0.0013410562958313665
2025-08-22,upbit,0.005033695201155597,-0.00024110367430618673,0.005276070955555046
2025-08-23,upbit,0.003516869058136196,0.00041074541581331836,0.0031048483401003857
2025-08-24,upbit,0.006202256826483232,0.0009213248954069719,0.005276070955555046
2025-08-25,upbit,0.00704237991420964,-0.0008269369688341799,0.007875829697781223
2025-08-26,upbit,0.010723412953685507,0.0010400074052734354,0.009673345197772631
2025-08-27,upbit,0.0011621855850059148,0.0008320532514081158,0.00032985787428119195
2025-08-28,upbit,0.007383469597621151,-0.0006626089740218166,0.008051413510488548
2025-08-29,upbit,0.00869777353876433,0.0006051518581249304,0.008087727377388942
2025-08-30,upbit,0.003283848464870953,-0.00048475896592181655,0.0037704351830532
2025-08-31,upbit,-0.0005413053372801402,5.554711635324949e-06,-0.0005468570112825422
2025-09-01,upbit,0.00287655586208424,-0.00017380037669290083,0.003050886483997317
2025-09-02,upbit,-0.0020966034021416835,-0.0008357922190748157,-0.0012618658407180794
2025-09-03,upbit,-0.0026808857055379276,-0.0003710773672370715,-0.0023106657740730174
2025-09-04,upbit,0.004648398986313307,0.00020241749186977742,0.004445081732147971
2025-09-05,upbit,0.010811518194226544,0.00018355708864170595,0.01062601062601054
2025-09-06,upbit,0.013243120465942004,0.0004457804127298015,0.012791637791637722
2025-09-07,upbit,0.0075591181365106674,-0.00017801205433720657,0.007738507738507705
2025-09-08,upbit,0.0014200775644581665,-0.0005337369857215668,0.0019548579301589264
2025-09-09,upbit,0.007008592423094262,0.0020710019054070994,0.004927385892116165
2025-09-10,upbit,0.0011521063045800695,0.000409176427423219,0.0007426260120984018
2025-09-11,upbit,0.0035308918450982496,-9.017012475875941e-05,0.0036213885109108723
2025-09-12,upbit,-0.0008962298343506703,-0.0001359642231693048,-0.000760368994160876
2025-09-13,upbit,-0.008590984863997453,6.0529407015730285e-05,-0.008650990631680067
2025-09-14,upbit,-0.0031823817431030355,0.0004489336984949688,-0.0036296859532587433
2025-09-15,upbit,0.00642649200624934,-0.0007231040767485819,0.007154769726155141
2025-09-16,upbit,0.007639047847164182,-0.0014036813411915094,0.009055440140717685
2025-09-17,upbit,0.013253928687464445,0.0005246079753102872,0.012722646310432628
2025-09-18,upbit,-0.0016228055965877841,-0.0005358917079438807,-0.001087496669091359
2025-09-19,upbit,0.0017363237591934144,-0.00010257792085022199,0.0018390903301059858
2025-09-20,upbit,0.0012445441198052354,0.0008363113657650079,0.00040789162963439374
2025-09-21,upbit,0.0007411843351432523,-0.0003818776086782494,0.0011234909798700787
2025-09-22,upbit,0.022119955662889712,0.0001404260470891927,0.021976443550703717
2025-09-23,upbit,0.019395337406242552,-0.0004764198039550749,0.019881229021430524
2025-09-24,upbit,0.008418020453095698,0.0003706167588020115,0.008044422296575648
2025-09-25,upbit,0.017677237441895643,-0.0002988883770744799,0.017981500280406237
2025-09-26,upbit,0.030997434241838873,-0.0001664840765442932,0.031169107478458136
2025-09-27,upbit,0.020227656679383532,0.0003977797640921654,0.01982199212793878
2025-09-28,upbit,0.019115985052207574,3.1278516807731194e-06,0.019112797418531224
2025-09-29,upbit,0.018758606840668213,-0.0013882720509146296,0.02017488712350679
2025-09-30,upbit,0.021266730334933204,0.00034999123455881076,0.020909420986309435
2025-10-01,upbit,0.01171410735997025,-0.0007898240373307441,0.012513815109272963
2025-10-02,upbit,0.008282547822562103,-0.0004431108717727339,0.008729526842584212
2025-10-03,upbit,0.0063090732409896155,-0.0006839220137359048,0.006997781191329544
2025-10-04,upbit,0.017522862176462706,-0.00013979882735515314,0.01766513056835639
2025-10-05,upbit,0.015126712851228019,0.0003017368905977591,0.014820504067815765
2025-10-06,upbit,0.007284096790431516,-0.00018015482054889453,0.0074655965741916575
2025-10-07,upbit,0.018218788938024755,-9.358233210465805e-05,0.018314085144927716
2025-10-08,upbit,0.01952699283131354,-1.3941197953282192e-05,0.01954120645709434
2025-10-09,upbit,0.029976790323119618,0.0002437631972844745,0.029725781074398716
2025-10-10,upbit,0.03681338774644338,-1.7640159930776278e-05,0.036831677623057946
2025-10-11,upbit,0.0674437737297191,0.0011332974115518812,0.06623541189731097
2025-10-12,upbit,0.0670093650739827,6.923030054228896e-05,0.06693550080860255
2025-10-13,upbit,0.05398467324608269,0.0009981166342900583,0.05293372258276796
2025-10-14,upbit,0.05860192856378976,0.00046628134345572114,0.058108552286507464
2025-10-15,upbit,0.06862134679892096,-0.0008039349168986742,0.06948114003035588
2025-10-16,upbit,0.08239184155976065,0.0011382201682104132,0.08116124202899577
2025-10-17,upbit,0.07800543101220536,-0.0007789163611835459,0.07884576162713008
2025-10-18,upbit,0.07590379813442238,0.0005342390643257033,0.07532931520722408
2025-10-19,upbit,0.06617464445577914,0.0006488879242427803,0.06548326523148762
2025-10-20,upbit,0.054674534532533015,0.0007008430892883055,0.05393589084688011
2025-10-21,upbit,0.038862800586533464,-0.001225574419971176,0.04013756658138656
2025-10-22,upbit,0.054621426143014684,0.0006936709349318892,0.05389037302264432
2025-10-23,upbit,0.044682647358588845,0.0003132144677759907,0.04435554009392928
2025-10-24,upbit,0.04357952174047264,2.1722248773503594e-05,0.04355685333889525
2025-10-25,upbit,0.03614065771553587,0.0002234329027790416,0.03590920151562571
2025-10-26,upbit,0.0310814020679806,3.7717238354550986e-05,0.03104251399172675
2025-10-27,upbit,0.030898857745533137,0.0006703329736996722,0.03020827516890945
2025-10-28,upbit,0.03290127863018433,0.001257320648875293,0.03160422134122509
2025-10-29,upbit,0.047253136762272385,-0.0006926297475222665,0.04797899819119822
2025-10-30,upbit,0.05719903775206103,0.0015035520214807807,0.05561187039043647
2025-10-31,upbit,0.04640403894192002,-0.00023268421172573106,0.04664757730840052
2025-11-01,upbit,0.04256403016510757,-0.0005589370691714279,0.04314708373880727
2025-11-02,upbit,0.04266479754596397,-0.00046233767065195774,0.04314708373880727
2025-11-03,upbit,0.04604581554111564,0.000351233959824393,0.04567853772760633
2025-11-04,upbit,0.03580014241491325,0.0005231932319293975,0.03525850217327897
2025-11-05,upbit,0.03715467248133031,0.0003266568353235133,0.03681598945140352
2025-11-06,upbit,0.03354783712203302,0.0006013422740280827,0.0329266946345772
2025-11-07,upbit,0.025015795930244167,0.0004140474013372142,0.024591566454721603
2025-11-08,upbit,0.020514030583979492,2.8460540130836876e-05,0.020484987030053414
2025-11-09,upbit,0.01803347968228808,0.000954358115343501,0.017062837509496553
2025-11-10,upbit,0.01721683154634901,-0.0010697501994537673,0.018306164769215982
2025-11-11,upbit,0.02361643315994466,0.001164241953091727,0.0224260818215527
2025-11-12,upbit,0.022623266485010562,0.0012163527732576007,0.021380906986245396
2025-11-13,upbit,0.024238900703521304,-0.00010809728255567475,0.024349630114923748
2025-11-14,upbit,0.042796397462321556,0.00025856421930403606,0.04252683732452511
2025-11-15,upbit,0.038786403374726275,-0.0002884759045350682,0.03908615469309118
2025-11-16,upbit,0.036859057769646375,-0.00015687939558706177,0.03702174511423073
2025-11-17,upbit,0.02279966702801084,-0.0013438782893260282,0.024176034965849302
2025-11-18,upbit,0.013084046492646939,-0.00039181827163758953,0.013481146923971732
2025-11-19,upbit,0.01699977954089804,-0.00024085302452736546,0.017244786024296577
2025-11-20,upbit,0.02025532350743453,0.0009853445457852494,0.01925101008386232
2025-11-21,upbit,0.020238646135980254,-0.00026128562115579346,0.02050528949443864
2025-11-22,upbit,0.02154336414285507,0.0010172163330290918,0.02050528949443864
2025-11-23,upbit,0.028967320219273507,0.0016189895905467377,0.027304125533708756
2025-11-24,upbit,0.021098842528607387,0.0007175469068212426,0.020366681572421497
2025-11-25,upbit,0.021534514382304693,-0.000244601464326033,0.02178444435361926
2025-11-26,upbit,0.017254021539884423,-0.0008524196060527567,0.01812188859907793
2025-11-27,upbit,0.021685604781382484,0.0048445580743028405,0.01675985262770774
2025-11-28,upbit,0.023665379180417334,0.00025465629436727255,0.023404762715906413
2025-11-29,upbit,0.020664066388581537,0.0006530507917179573,0.019997955915920018
2025-11-30,upbit,0.019520878052246005,0.00020041221482536287,0.019316594555922606
2025-12-01,upbit,0.020005516889274988,0.00010280403133533511,0.019900666989147053
2025-12-02,upbit,0.012755787231701232,-0.001361620621186277,0.014136656616050569
2025-12-03,upbit,0.013373683179488394,-0.0009784686481913996,0.014366208712498496
2025-12-04,upbit,0.010991529975820535,0.0009495576552271956,0.010032445934755163
2025-12-05,upbit,0.017703346306666035,0.0012718901408461658,0.0164105837061983
2025-12-06,upbit,0.01597480782717753,0.00023942260167242324,0.015731618720422613
2025-12-07,upbit,0.015274688614082432,-0.0011175553563935736,0.0164105837061983
2025-12-08,upbit,0.014580808092702346,0.0010825906257334594,0.013483620226111048
2025-12-09,upbit,0.006740239053616204,-0.0017647459618703731,0.008520020687590169
2025-12-10,upbit,0.0105422281728762,-0.00020243347256887478,0.010746837165011458
2025-12-11,upbit,0.014727730563491859,3.3548691567908406e-05,0.014693688917886583
2025-12-12,upbit,0.0137635482701024,0.0013761166776040668,0.012370408467097915
2025-12-13,upbit,0.009924783115669689,0.0002587469877262105,0.009663535717185923
2025-12-14,upbit,0.011615343241820675,0.0005918507465216827,0.01101697209214203
2025-12-15,upbit,0.017607681833667677,0.0003206115760112649,0.017281529599215695
2025-12-16,upbit,0.011150012011172716,0.0006036086600882395,0.010540041290883373
2025-12-17,upbit,0.01174931702995341,0.0015978725402905347,0.01013524965255419
2025-12-18,upbit,0.007881155248232519,-0.001465637711332457,0.009360512079065408
2025-12-19,upbit,0.008123647814461954,0.0008472714854785846,0.007270216481864988
2025-12-20,upbit,0.0071259732625925665,-0.0008146976078592383,0.00794714539079111
2025-12-21,upbit,0.007396932375587362,0.00012580129110228988,0.007270216481864988
2025-12-22,upbit,0.006219431213813076,0.00022536381632054514,0.0059927168559517074
2025-12-23,upbit,0.0062744776652363665,-0.000840935028710188,0.007121401329778232
2025-12-24,upbit,0.0224214121924311,-8.130711898979293e-06,0.02242972527396403
2025-12-25,upbit,0.01841915844901032,-0.0005368691229367117,0.0189662099444452
2025-12-26,upbit,0.018916730624399136,0.0009693493569591372,0.017930000832662607
2025-12-27,upbit,0.015089638279220496,-6.385297164623882e-05,0.015154458908101853
2025-12-28,upbit,0.011417396357843446,0.00042161629037051895,0.010991146021260612
2025-12-29,upbit,0.014104935983496159,7.206713068486081e-05,0.0140318576170948
2025-12-30,upbit,0.008126667116935549,-0.0006076534562952096,0.008739631240360701
2025-12-31,upbit,0.009817260544067397,0.0011884171029050705,0.008618600948392174
2026-01-01,upbit,0.007756132582368069,0.0005182964411407642,0.007234086739815293
2026-01-02,upbit,0.0011744312028865167,-0.000589905216994091,0.001765377825469816
2026-01-03,upbit,0.0018861416857045565,-0.0012598775997818557,0.00314998788466192
2026-01-04,upbit,0.0016024847540960785,-0.00016260601032891397,0.001765377825469816
2026-01-05,upbit,0.0066982074390817825,0.0017617809673418083,0.0049277448646254385
2026-01-06,upbit,0.005850771892800921,0.00027192946725107525,0.005577325786319864
2026-01-07,upbit,0.0071774066294403305,0.0005757976841342938,0.006597809941621513
2026-01-08,upbit,0.00529076349451052,-0.00011439574756599846,0.005405777640050902
2026-01-09,upbit,0.005465867668809521,0.00039738693069724107,0.005066467390186569
2026-01-10,upbit,0.01044229014156084,0.0005710989975435954,0.009865556934341768
2026-01-11,upbit,0.008956848511082471,-0.00022109456063201804,0.009179972713748041
2026-01-12,upbit,0.0018899105756295942,-0.0007799796007516013,0.002671974261799104
2026-01-13,upbit,-0.0037987119552228554,-0.0012405320171733347,-0.002561357383891849
2026-01-14,upbit,-0.0015127758774267086,5.120205912656495e-05,-0.0015638978617623644
2026-01-15,upbit,9.854552326826749e-06,-0.00040511552337152423,0.0004151382546497828
2026-01-16,upbit,0.003948015596136445,0.001264933957702663,0.0026796920050202733
2026-01-17,upbit,0.0012141347262215607,0.0005692849445333437,0.0006444828872833597
2026-01-18,upbit,0.003319112443453953,-3.885213166110457e-05,0.003358095044265763
2026-01-19,upbit,0.003958313873674513,0.0005982099834280774,0.003358095044265763
2026-01-20,upbit,0.007296793858730499,0.0007507185921888926,0.0065411646925923606
2026-01-21,upbit,0.015069697822329031,0.0013737708766106138,0.013677137692281516
2026-01-22,upbit,0.013094377139579505,-0.00032707532306486264,0.013425843724818032
2026-01-23,upbit,0.013480136706907953,-0.00026300931411427086,0.013746761547347885
2026-01-24,upbit,0.009841700163533584,0.0008721712413493066,0.008961712774029351
2026-01-25,upbit,0.011662305834146292,0.0006427792979812885,0.011012447962594596
2026-01-26,upbit,0.01664019195253208,0.001008654574901069,0.01561578644319428
2026-01-27,upbit,0.01565216640671796,0.0006505871153781317,0.014991825802636471
2026-01-28,upbit,0.010926823530966523,0.0005179698138384481,0.010403465036279869
2026-01-29,upbit,0.02305236110264408,0.0019763643739174608,0.021034425040450833
2026-01-30,upbit,0.01994377441988715,-0.00046202063278766303,0.02041522730891443
2026-01-31,upbit,0.03197481864141283,0.0004684196481254954,0.03149164768675883
2026-02-01,upbit,0.02111835072053947,-0.0006668910573668363,0.021799779856144896
2026-02-02,upbit,0.02014335979648396,0.0008640288684380604,0.01926268741003967
2026-02-03,upbit,0.022687310541084305,0.001044232231458997,0.021620501485114296
2026-02-04,upbit,0.01347932591854284,-6.114161367509752e-05,0.013541295468874281
2026-02-05,upbit,0.006167817231036876,0.00010483588671661437,0.006062345792923418
2026-02-06,upbit,0.0145787299945348,0.0007249071473403035,0.013843787386771389
2026-02-07,upbit,0.012877483272434986,-0.0002789887606245989,0.013160143565202453
2026-02-08,upbit,0.01623281264326315,0.00033280396630774867,0.015894718851478418
2026-02-09,upbit,0.013658760803487935,0.0007014978353294676,0.012948179848023544
2026-02-10,upbit,0.016768336059427735,0.0008435454987130164,0.01591136859735598
2026-02-11,upbit,0.023840263312546073,0.00030783754403906904,0.02352518383369273
2026-02-12,upbit,0.022386566279173348,2.1860141816487655e-05,0.022364217252396124
2026-02-13,upbit,0.01479754670831368,-0.0005110033137025738,0.015316376741284943
2026-02-14,upbit,0.018423973741116706,0.00032944296191805833,0.01808857162658528
2026-02-15,upbit,0.023911949713767866,0.0009502386463384749,0.02293991267586115
2026-02-16,upbit,0.026525978150212737,-0.0005571296403898973,0.02709820500381177
2026-02-17,upbit,0.024577511483917958,-0.0007221506328725091,0.025317945487147053
2026-02-18,upbit,0.025628996146336958,0.0008019876980951413,0.024807113448430895
2026-02-19,upbit,0.018575994912036986,2.508478127594138e-05,0.018550444796910703
2026-02-20,upbit,0.018900134308726946,0.00020300557120833673,0.01869333388659511
2026-02-21,upbit,0.015695231701702506,-0.0009082760655030331,0.01661860204568555
2026-02-22,upbit,0.017414581862496004,0.0007829679834785441,0.01661860204568555
2026-02-23,upbit,0.01802454275347931,0.0011060435358041243,0.016899807295060354
2026-02-24,upbit,0.0171946625071262,0.00014884068832055064,0.01704328508452213
2026-02-25,upbit,0.00884886648453409,-0.0015614463679554103,0.01042659341891361
2026-02-26,upbit,0.010170135283793735,-0.0007611743927072867,0.010939636647782747
2026-02-27,upbit,0.014261665886838193,0.0009281917595524991,0.013321109583142476
2026-02-28,upbit,0.015203403966427276,-0.0008816369795345835,0.016099234626550496
2026-03-01,upbit,0.010615658573976283,0.0007597231966867124,0.009848453278882063
2026-03-02,upbit,0.014371999872590635,-0.00034715577237787176,0.014724267259341506
2026-03-03,upbit,-0.009094567401629394,-0.0006183905851055993,-0.008481421647818954
2026-03-04,upbit,-0.008472869532646032,-0.0018535899968351588,-0.006631571750871701
2026-03-05,upbit,-0.010091006736016483,0.0016312443711203883,-0.011703160392622092
2026-03-06,upbit,-0.0030621228518700194,0.0016523936674348594,-0.004706739133366611
2026-03-07,upbit,-0.0023553865298228116,0.001683824566014458,-0.004032421205950154
2026-03-08,upbit,-0.0019892072578767683,2.0300959941987884e-05,-0.0020094674237008947
2026-03-09,upbit,-0.004301164222632714,0.0012192068736840422,-0.005513648817779049
2026-03-10,upbit,-0.007411459008283772,-0.00039170912044550477,-0.007022500665397224
2026-03-11,upbit,-0.006738177368820875,1.087147871281502e-06,-0.006739257190123027
2026-03-12,upbit,-0.01766266163166985,-0.001049308281350747,-0.016630804190882142
2026-03-13,upbit,-0.019929448866166766,0.001368880493169744,-0.02126921434671225
2026-03-14,upbit,-0.013196625171691623,0.000744142396924774,-0.013930401366353595
2026-03-15,upbit,-0.01672364095328871,-0.00012668314251373936,-0.01659906063193861
2026-03-16,upbit,-0.014259142127230673,0.0004901143525650742,-0.014742031198719308
2026-03-17,upbit,-0.007078429557299759,0.0007735162401076856,-0.007845876884219671
2026-03-18,upbit,-0.009190001838725426,0.0002713668516571843,-0.009458801885094625
2026-03-19,upbit,-0.004399241114274588,0.0008731607540182207,-0.005267802230125462
2026-03-20,upbit,-0.005253655194522144,0.00016558458499971174,-0.005418342585513436
2026-03-21,upbit,-0.003455864034910605,-3.211333429653518e-05,-0.003423860652195687
2026-03-22,upbit,-0.002111471387434727,0.0006493535417266827,-0.002759033341089734
2026-03-23,upbit,-0.0038328864123440276,-0.00043640539964107106,-0.0033979639024978026
2026-03-24,upbit,-0.001964189352934409,0.0006762938701441179,-0.0026386986873309093
2026-03-25,upbit,-0.004800425599055913,0.0014204060799627438,-0.006212008104937605
2026-03-26,upbit,0.0026585839786517074,0.0010418219620169644,0.0016150793914539996
2026-03-27,upbit,0.006220103563669532,0.0014841697868437365,0.004728915263666922
2026-03-28,upbit,0.0031415116440596247,-0.0002618859598021439,0.003404289139390393
2026-03-29,upbit,0.00597949748969584,-7.359836748388471e-05,0.006053541387943229
2026-03-30,upbit,-0.002422088985515658,1.4239906070967479e-05,-0.0024362941989860554
2026-03-31,upbit,0.0011260080879982315,0.00014129398168205576,0.0009845749917951618
2026-04-01,upbit,-0.001509721728666591,-0.0006434818183782554,-0.0008667976788349074
2026-04-02,upbit,0.0065287049068210035,0.00026026412445179226,0.006266809756614533
2026-04-03,upbit,0.004296882184074091,-0.00022477088469119444,0.004522669633220122
2026-04-04,upbit,0.0052988800611037945,0.00011344512640132365,0.005184846739108684
2026-04-05,upbit,0.005927833357987966,-0.0005776078274782881,0.006509200950886251
2026-04-06,upbit,-0.003541566252868167,-0.0011895533274676184,-0.002354814102351499
2026-04-07,upbit,0.005226243991848456,-0.0001926577472863844,0.005419945933708981
2026-04-08,upbit,0.006161460846072719,-0.000537260379465998,0.006702322117662973
2026-04-09,upbit,0.006979337634216876,-0.001212117179669514,0.008201395866713757
2026-04-10,upbit,0.0005845125075512048,-0.000829503290743383,0.0014151897028100713
2026-04-11,upbit,0.0030408717822354436,0.00027711669197527655,0.002762989419772266
2026-04-12,upbit,0.005754142278192598,0.0009648368387726869,0.004784688995215225
2026-04-13,upbit,0.0009703480893727967,-0.0004144732115433092,0.0013853955102425264
2026-04-14,upbit,0.0035295403203357,0.00047679801949662703,0.0030512874530244094
2026-04-15,upbit,0.004551489392175867,0.0014339158044069933,0.0031131096506398226
2026-04-16,upbit,-5.789762341334992e-06,-0.0005534539342768596,0.0005479674466746243
2026-04-17,upbit,0.004536228700988465,-0.0004830333266937492,0.005021687670183184
2026-04-18,upbit,0.013349822575874137,0.0014691694836053149,0.011863224005582707
2026-04-19,upbit,0.016083193809763197,-0.0005597839407950334,0.016652299440362173
2026-04-20,upbit,0.006538172140822418,-0.0007271168937390549,0.007270575592902118
2026-04-21,upbit,0.0020241448002285,-0.00032878638999078724,0.002353705056407751
2026-04-22,upbit,-0.0014590200940489684,-0.00037203498407711866,-0.0010873896569656427
2026-04-23,upbit,0.0038546061939987997,0.0006008725984509855,0.003251779690235823
2026-04-24,upbit,0.0073190975803729685,0.0008589690474383183,0.006454584244854233
2026-04-25,upbit,0.010678190316042224,0.00015819547984374793,0.010518330883797056
2026-04-26,upbit,0.006161154201229424,-0.00029154822107047007,0.006454584244854233
2026-04-27,upbit,0.012771544765145304,0.0008166291461872976,0.01194516085245012
2026-04-28,upbit,0.010296126384932824,0.000356225692927703,0.009936361104885494
2026-04-29,upbit,0.003676370899567738,0.001448222819301126,0.002224925891818774
2026-04-30,upbit,0.007417738991266631,-7.192814817802429e-05,0.007490205896084401
2026-05-01,upbit,0.0025212093645203826,-0.0013861221190446527,0.003912755039872096
2026-05-02,upbit,0.0033675362088503302,-0.0005430938378706562,0.003912755039872096
2026-05-03,upbit,0.0033260791817684154,8.998022192452382e-05,0.003235807801139856
2026-05-04,upbit,0.003179870930843043,-0.00020018818863354326,0.003380735902873244
2026-05-05,upbit,0.001994097120789018,0.0015943834512142097,0.0003990773871929143
2026-05-06,upbit,0.01571667471118232,0.0005120391244572975,0.015196854202804477
2026-05-07,upbit,0.013896010122819158,3.576276598415973e-05,0.013859751693778621
2026-05-08,upbit,0.010551702241141214,0.0003229472062613592,0.010225452753480413
2026-05-09,upbit,0.009739205895766156,0.000874873925419406,0.008856583576307697
2026-05-10,upbit,0.0055684369111066445,-0.0012264986856957982,0.006803279810548624
2026-05-11,upbit,0.00025774815963997,-0.0004834353519126422,0.0007415419991698702
2026-05-12,upbit,-0.00505621661719069,0.0005294326930285198,-0.005582693649685888
2026-05-13,upbit,-0.0004870875347166015,0.0009302325226099306,-0.001416002845427422
2026-05-14,upbit,-0.00931810282635448,-0.0014528918183880357,-0.007876654935478511
2026-05-15,upbit,-0.007106783684591389,-3.183605188061822e-05,-0.0070751728782816325
2026-05-16,upbit,-0.0053908245063166715,0.0010240709141493554,-0.00640833283320319
2026-05-17,upbit,-0.006618513088306632,-0.00021153584721844698,-0.00640833283320319
2026-05-18,upbit,-0.0038958020116193204,0.0005692618328583254,-0.004462523500170623
2026-05-19,upbit,-0.01159570935081522,-1.3491607050442056e-06,-0.011594375832786441
2026-05-20,upbit,-0.010258774439354745,0.0009409289025157364,-0.011189175123601292
2026-05-21,upbit,-0.01579304208511123,-0.00023793279065842388,-0.015558811245831916
2026-05-22,upbit,-0.01584894238128487,0.00018883071440378707,-0.016034745243289183
2026-05-23,upbit,-0.01232897170956071,0.0004158086488199597,-0.012739483171096522
2026-05-24,upbit,-0.013728790428764293,0.0010026049623566013,-0.014716640414412119
2026-05-25,upbit,-0.019174509672023166,0.00015856266085267912,-0.019330007315481734
2026-05-26,upbit,-0.01458577481244483,0.0005208111868928444,-0.015098722415795574
2026-05-27,upbit,-0.0164758395736182,0.00040365178794266043,-0.01687268067383929
2026-05-28,upbit,-0.013309296297992046,2.0387056898218958e-05,-0.013329411607417407
2026-05-29,upbit,-0.016167524286388346,0.0004358959934032125,-0.01659618606877844
2026-05-30,upbit,-0.015235221070183935,-0.0006431599734910698,-0.01460145216628106
2026-05-31,upbit,-0.01944030289610732,-0.0015419349652198155,-0.01792600867044336
2026-06-01,upbit,-0.03028399390912717,-0.001410501656925467,-0.028914275886248064
2026-06-02,upbit,-0.028234452653702502,0.0003779114947570772,-0.028601555291946856
2026-06-03,upbit,-0.024100061339757062,0.0009766107327082718,-0.025052205819384277
2026-06-04,upbit,-0.024571961606135284,0.0008492741432990503,-0.025399664471150496
2026-06-05,upbit,-0.021917749838849643,0.0012216170794365766,-0.02311113396231268
2026-06-06,upbit,-0.023086603807982664,0.0006834548643392946,-0.02375382400575854
2026-06-07,upbit,-0.02543854709974258,0.00024976138171806106,-0.025681894136096117
2026-06-08,upbit,-0.020624161756091275,-0.00019269386807707622,-0.020435405665377604
2026-06-09,upbit,-0.014958585474023511,0.0013649579666927814,-0.016301292861158
2026-06-10,upbit,-0.010573988812631052,-0.0005349988320996202,-0.010044363703381909
2026-06-11,upbit,-0.017399328389710367,0.00022084455798210278,-0.017616282487573298
2026-06-12,upbit,-0.007708188301409624,-0.0005555278284895548,-0.007156636183478393
2026-06-13,upbit,-0.006763365798561294,0.0010599380156199878,-0.007815020376990667
2026-06-14,upbit,-0.006352545171683488,0.00014665985095096978,-0.0064982519899661195
2026-06-15,upbit,-0.009700366237412772,-0.0012149093222834084,-0.00849577851564809
2026-06-16,upbit,-0.0033568909539049008,0.0007039984118488718,-0.004058032517306298
2026-06-17,upbit,-0.00926344484364372,-0.0005243695669813198,-0.008743660185967839
2026-06-18,upbit,-0.015973278658683143,0.0006804805064597463,-0.01664243431301282
2026-06-19,upbit,-0.020433634921827704,-0.000556871063552844,-0.019887838820230597
2026-06-20,upbit,-0.019914752999682483,-0.0006892555006159373,-0.01923875791878704
2026-06-21,upbit,-0.022962645332674336,-0.0011527338456081004,-0.02183508152456126
2026-06-22,upbit,-0.020701522233274705,-0.0006476728478194138,-0.0200668461368394
2026-06-23,upbit,-0.015342441499237025,-0.0007160381633612989,-0.014636883903343056
2026-06-24,upbit,-0.012841246717247068,0.0024502907842296473,-0.015254160372893844
2026-06-25,upbit,-0.011176595440458126,0.0007957640999738391,-0.011962839941872527
2026-06-26,upbit,-0.012753873298355423,-7.74765327807847e-05,-0.012677378964941588
2026-06-27,upbit,-0.012568592797242983,-0.0005499557353162432,-0.012025250417362354
2026-06-28,upbit,-0.013009050956246826,-0.000995774982407216,-0.012025250417362354
2026-06-29,upbit,-0.016832127738687697,7.498732058186519e-05,-0.016905847335075497
2026-06-30,upbit,-0.01553688491723304,0.00047033030045118274,-0.015999690078642548
2026-07-01,upbit,-0.022254877586893707,-0.0019211261602776197,-0.02037289031916878
2026-07-02,upbit,-0.019540875646741562,-3.212061320256865e-06,-0.019537726341796402
2026-07-03,upbit,-0.020361556273506,-0.00017723399234648163,-0.020187900263320402
2026-07-04,upbit,-0.01931544872393398,0.0002267069563348656,-0.019537726341796402
2026-07-05,upbit,-0.02081170100416052,2.6934442596937558e-05,-0.020838074184844402
2026-07-06,upbit,-0.018117663682059137,-0.0011679606272153586,-0.01696952278932451
2026-07-07,upbit,-0.012624498501496606,-0.0004605075304956463,-0.012169595161215851
2026-07-08,upbit,-0.009214933766968358,0.0001634392380565064,-0.009376840461364444
2026-07-09,upbit,-0.008558515147139678,0.0005667255428771778,-0.009120072112198119
2026-07-10,upbit,-0.007624035625276471,-0.0002578086682401004,-0.0073681265239230465
2026-07-11,upbit,-0.007179896593715984,0.0001896271268704286,-0.0073681265239230465
2026-07-12,upbit,-0.007318714088931588,4.9779214542633454e-05,-0.0073681265239230465
2026-07-13,upbit,-0.00548352231753213,0.0009744639805677746,-0.00645169934947043
2026-07-14,upbit,-0.011249150429350041,-0.0003420345446697448,-0.010910847771529841
2026-07-15,upbit,-0.011827676656237518,-0.0008248611809628104,-0.011011898763093053
2026-07-16,upbit,-0.0070627954059554465,-0.0008442642403562184,-0.006223785685292915
2026-07-17,upbit,-0.008548983515914155,0.00047886313824996307,-0.009023525620367456
2026-07-18,upbit,-0.009020647522989811,-0.0006741457323236055,-0.008352132345042507
2026-07-19,upbit,-0.012131060729356435,-0.0004269613401716166,-0.011709098721667255
2026-07-20,upbit,-0.011717295556593732,-0.001375116332377413,-0.010356420507200759
2026-07-21,upbit,-0.01141167412752453,0.0006042044981620087,-0.012008622961676485
2026-07-22,upbit,-0.013355789165102716,0.00062392928924071,-0.013971001537284256
2026-07-23,upbit,-0.00769041231836054,-0.00031587112028941267,-0.007376871338685254
2026-07-24,upbit,0.001380685317898589,0.0012161874640475023,0.0001642980366385327
2026-07-25,upbit,0.0012319588080540456,-0.0003010279231354662,0.0015334483419588985
2026-07-26,upbit,-0.00219324146821831,-0.0009895814990504848,-0.001204852268682055
2026-07-27,upbit,-0.005970214831007681,-0.0001518362392715078,-0.005819262166618988
2026-07-28,upbit,-0.001987933177057366,0.0002558732628341609,-0.0022432324566835637
2026-07-29,upbit,-0.00853319893644855,-1.5157800393628129e-05,-0.008518170252779456
2026-07-30,upbit,-0.004514942509002529,0.00043789422727935623,-0.0049506688669639365
2026-07-31,upbit,0.0006459205294673254,0.0026067399413836068,-0.0019557213549460384
2026-08-01,upbit,0.0009370031534117196,0.00010868949989806254,0.0008282236343011284
2026-08-02,upbit,-0.0009136219775193188,0.0003465496909269561,-0.001259735107634219
2026-08-03,upbit,-0.004542963460498428,-6.084129640648861e-06,-0.004536906933987672
2026-08-04,upbit,-0.004035017701970456,-0.0001968404143520841,-0.0038389329447697795
2026-08-05,upbit,-0.0018162167811937024,0.00029113814467285337,-0.002106741573033699
2026-08-06,upbit,-0.004266644834144073,0.0003782369425999743,-0.004643125575122364
2026-08-07,upbit,-0.0024369867492985975,0.0010704590054759766,-0.0035036951927033266
2026-08-08,upbit,-0.003673181802301473,0.0005420470439196912,-0.004212945231712006
2026-08-09,upbit,-0.0046377288189920485,0.0002858735772988119,-0.004922195270720797
2026-08-10,upbit,-0.005593198967341562,0.0004339366471501904,-0.006024521353894752
2026-08-11,upbit,-0.002373191088675175,0.00040940178500936675,-0.0027814541413941907
2026-08-12,upbit,-0.003362790402677951,0.00038077955541249153,-0.003742145025771304
2026-08-13,upbit,-0.003664803075130174,0.0005689158919728321,-0.004231311706629048
2026-08-14,upbit,-0.001318599289095057,0.000301075220556557,-0.0016191870125645824
2026-08-15,upbit,-0.0008905720941063677,-0.001391892019062646,0.0005020186807513927
2026-08-16,upbit,-0.0006304961420939836,-0.001131946564524311,0.0005020186807513927
2026-08-17,upbit,-0.002698514339743774,-8.843902902788692e-06,-0.0026896942242354838
2026-08-18,upbit,-0.005979314773005173,-0.0005985760210641677,-0.005383961462170572
2026-08-19,upbit,-0.006920468783053524,-0.0008828330823938968,-0.006042970635052214
2026-08-20,upbit,-0.012945799442177663,0.00022688752526667244,-0.013169698927046225
2026-08-21,upbit,-0.008351450901315727,-0.001132249463877355,-0.0072273846398220876
2026-08-22,upbit,-0.012281869696720515,-0.0007308344402152667,-0.011559483325030095
2026-08-23,upbit,-0.010836513311317408,0.0007314249077372548,-0.011559483325030095
2026-08-24,upbit,-0.007185806634414704,0.00015364279214069576,-0.007338321946282145
2026-08-25,upbit,0.0017966495391246173,8.362063623312821e-05,0.0017128856703019224
2026-08-26,upbit,0.0037691962820232128,-0.00043480832596831664,0.0042058333393451
2026-08-27,upbit,0.00010296384082186805,0.00028401072059036636,-0.00018099547511307712
2026-08-28,upbit,0.0077394743940149,6.180458550231194e-05,0.007677195322637775
2026-08-29,upbit,0.00797651681919831,0.00029704105436723083,0.007677195322637775
2026-08-30,upbit,0.005839197439405419,0.00033500168701539046,0.005502352455035053
2026-08-31,upbit,0.007294990771226084,0.00016790357237317366,0.0071258907363420665
2026-09-01,upbit,0.006724440759318329,0.0007132745333353618,0.006006881670262976
2026-09-02,upbit,0.011786524881710392,0.0006303634174031902,0.011149133458439264
2026-09-03,upbit,0.008993564888308603,6.813605646249776e-05,0.008924820729756977
2026-09-04,upbit,0.01705069807691051,0.0003425386906799055,0.016702438154933885
2026-09-05,upbit,0.013739206223339906,-0.0007247594642830757,0.014474456186734708
2026-09-06,upbit,0.012436624003343333,0.00018784929328075073,0.012246474218535308
2026-09-07,upbit,0.013872971455549887,0.000872503515111589,0.012989134874601849
2026-09-08,upbit,0.010218287915492619,-5.537113061493404e-05,0.010274227941724723
2026-09-09,upbit,0.01159830487369451,0.0002579519209038317,0.011337428441346109
2026-09-10,upbit,0.0144308195338394,0.000768727044956341,0.01365159813618888
2026-09-11,upbit,0.013566939943718603,0.00035623682368646215,0.013205998657017215
2026-09-12,upbit,0.014328882395405529,0.0003715975530256266,0.013952100276057644
2026-09-13,upbit,0.01659048265924623,0.0003937033099763454,0.016190405133179153
2026-09-14,upbit,0.007029732935152078,-0.0006881073172618768,0.007723154611614547
2026-09-15,upbit,0.005565393935378138,0.0003061914367825658,0.005257592668742372
2026-09-16,upbit,0.0012443661476484458,0.0002570177953480357,0.000987094651409226
2026-09-17,upbit,0.00011573917227836183,0.0011745999258618856,-0.0010576184750010764
2026-09-18,upbit,-0.014473784769160947,-0.000817515738533503,-0.013667442379878492
2026-09-19,upbit,-0.01613590770002782,-0.0003119735068870533,-0.01582887238196795
2026-09-20,upbit,-0.013298157127395793,0.0003744023753751158,-0.013667442379878492
2026-09-21,upbit,-0.0173893223229169,-7.180919524019114e-05,-0.017318756773663235
2026-09-22,upbit,-0.008775625607592263,9.903360188978638e-05,-0.008873780407046006
2026-09-23,upbit,-0.0006244961216754774,-0.000631806842259719,7.315342467784092e-06
2026-09-24,upbit,-0.003593136398397978,-0.0010838833890353117,-0.002511975698095581
2026-09-25,upbit,-0.0003529997430251619,-0.0007139629192417507,0.0003612210746695155
2026-09-26,upbit,-0.0011689192018402572,-0.0007932526449029309,-0.0003759647920029696
2026-09-27,upbit,0.0021435137765695167,-0.0004281633286363773,0.002572778674687193
2026-09-28,upbit,0.0018370960057756403,-0.0007337947773567999,0.002572778674687193
2026-09-29,upbit,-0.0007771625897172729,0.0003363624910868168,-0.0011131506586755657
