bucket,feature,sample_start,from,to,days,median_kp,mean_kp,share_kp_above_3pct
Q1,btc_ret,2017-09-25,-0.56814,-0.11433,652,0.01834,0.02558,0.28221
Q2,btc_ret,2017-09-25,-0.11433,-0.01869,651,0.01406,0.01834,0.22273
Q3,btc_ret,2017-09-25,-0.01862,0.05733,652,0.00756,0.01373,0.14571
Q4,btc_ret,2017-09-25,0.05752,0.20845,651,0.00683,0.01268,0.14132
Q5,btc_ret,2017-09-25,0.20847,1.66323,652,0.01046,0.02351,0.24080
Q1,turnover,2017-09-25,-2.16787,-0.57104,641,0.01348,0.01491,0.19813
Q2,turnover,2017-09-25,-0.57099,-0.20623,640,0.01091,0.01334,0.17500
Q3,turnover,2017-09-25,-0.20582,0.11322,640,0.01104,0.01558,0.18125
Q4,turnover,2017-09-25,0.11360,0.53355,640,0.01159,0.01805,0.20000
Q5,turnover,2017-09-25,0.53521,4.14660,640,0.01014,0.02730,0.23906
Q1,fx_vol,2017-09-25,0.04136,0.06229,655,0.01088,0.03193,0.26260
Q2,fx_vol,2017-09-25,0.06229,0.07162,656,0.01201,0.01846,0.22866
Q3,fx_vol,2017-09-25,0.07166,0.08285,653,0.01538,0.01738,0.20521
Q4,fx_vol,2017-09-25,0.08285,0.10055,656,0.01282,0.01626,0.22256
Q5,fx_vol,2017-09-25,0.10058,0.20948,654,0.00941,0.00981,0.11315
Q1,btc_ret,2019-01-01,-0.49589,-0.09939,566,0.01848,0.02051,0.26148
Q2,btc_ret,2019-01-01,-0.09932,-0.01196,565,0.01321,0.01793,0.21593
Q3,btc_ret,2019-01-01,-0.01187,0.06575,565,0.00722,0.01199,0.12920
Q4,btc_ret,2019-01-01,0.06576,0.20443,565,0.00665,0.00923,0.12389
Q5,btc_ret,2019-01-01,0.20608,1.24600,566,0.00740,0.01182,0.18198
Q1,turnover,2019-01-01,-1.84020,-0.51715,566,0.01053,0.01256,0.14134
Q2,turnover,2019-01-01,-0.51686,-0.16592,565,0.01061,0.01286,0.16637
Q3,turnover,2019-01-01,-0.16576,0.14394,566,0.01101,0.01539,0.18728
Q4,turnover,2019-01-01,0.14423,0.55960,565,0.01127,0.01594,0.19469
Q5,turnover,2019-01-01,0.56056,3.06136,566,0.00994,0.01471,0.22261
Q1,fx_vol,2019-01-01,0.04136,0.06274,568,0.00811,0.01404,0.21655
Q2,fx_vol,2019-01-01,0.06275,0.07180,563,0.01099,0.01834,0.21670
Q3,fx_vol,2019-01-01,0.07185,0.08447,566,0.01657,0.01760,0.21201
Q4,fx_vol,2019-01-01,0.08448,0.10327,565,0.00950,0.01181,0.14513
Q5,fx_vol,2019-01-01,0.10334,0.20948,566,0.00955,0.00967,0.12191
