period,days,first,last,mean,median,p05,p95,min,max,share_negative
2017,98,2017-09-25,2017-12-31,0.07323,0.02889,-0.01899,0.32514,-0.04456,0.42552,0.11224
2018,364,2018-01-01,2018-12-31,0.03759,0.01622,-0.01953,0.20404,-0.05419,0.55981,0.18681
2019,365,2019-01-01,2019-12-31,0.00166,-0.00027,-0.02011,0.03007,-0.03803,0.06507,0.50685
2020,365,2020-01-01,2020-12-31,-0.00491,-0.00446,-0.02622,0.01536,-0.04935,0.06843,0.70959
2021,365,2021-01-01,2021-12-31,0.03868,0.03166,-0.01293,0.12642,-0.06141,0.20905,0.11507
2022,365,2022-01-01,2022-12-31,0.01471,0.01474,-0.00502,0.03487,-0.02146,0.06011,0.10411
2023,365,2023-01-01,2023-12-31,0.01707,0.01542,0.00052,0.04105,-0.01184,0.06666,0.04932
2024,366,2024-01-01,2024-12-31,0.02616,0.02176,-0.00746,0.07595,-0.02333,0.10333,0.10929
2025,365,2025-01-01,2025-12-31,0.01770,0.01458,-0.00978,0.05669,-0.02178,0.08697,0.13699
2026,272,2026-01-01,2026-09-29,-0.00057,-0.00070,-0.02012,0.01849,-0.03028,0.03197,0.51838
All,3290,2017-09-25,2026-09-29,0.01862,0.01171,-0.01699,0.06685,-0.06141,0.55981,0.25897
